拐点,7次迭代周期后启动判决，j = 5
判决冗余概率，但发现接近收敛，不删除聚类，j = 12
收敛，非全局最优，删除聚类，j = 14
收敛，非全局最优，删除聚类，j = 16
收敛，非全局最优，删除聚类，j = 17
收敛，非全局最优，删除聚类，j = 18
收敛至全局最优，j = 20
******************第1帧估计成功!******************
real_s = 0.0062981 | estimat_s = 0.0063087
real_sigma = 0.0010014 | estimat_sigma = 0.0010043
real_k = 19.7788 | estimat_k = 19.7279
TrueCluster = 4 | estimat_cluster = 4
Iterations = 20 | empirical_KLD = 0.033165
************************************************
此帧用时为15.1174 seconds！
************************************************
拐点,7次迭代周期后启动判决，j = 8
判决冗余概率，删除聚类，j = 15
收敛，非全局最优，删除聚类，j = 20
收敛，非全局最优，删除聚类，j = 22
收敛，非全局最优，删除聚类，j = 23
收敛至全局最优，j = 25
******************第2帧估计成功!******************
real_s = 0.0062315 | estimat_s = 0.0062458
real_sigma = 0.0010285 | estimat_sigma = 0.0010302
real_k = 18.3859 | estimat_k = 18.3784
TrueCluster = 4 | estimat_cluster = 4
Iterations = 25 | empirical_KLD = 0.028962
************************************************
此帧用时为16.9492 seconds！
************************************************
拐点,7次迭代周期后启动判决，j = 7
判决冗余概率，但发现接近收敛，不删除聚类，j = 14
收敛，非全局最优，删除聚类，j = 16
收敛，非全局最优，删除聚类，j = 18
收敛，非全局最优，删除聚类，j = 19
收敛，非全局最优，删除聚类，j = 20
收敛至全局最优，j = 22
******************第3帧估计成功!******************
real_s = 0.0062344 | estimat_s = 0.0062237
real_sigma = 0.0010084 | estimat_sigma = 0.0010006
real_k = 19.2048 | estimat_k = 19.3445
TrueCluster = 4 | estimat_cluster = 4
Iterations = 22 | empirical_KLD = 0.029706
************************************************
此帧用时为13.9025 seconds！
************************************************
拐点,7次迭代周期后启动判决，j = 8
判决冗余概率，但发现接近收敛，不删除聚类，j = 15
收敛，非全局最优，删除聚类，j = 16
收敛，非全局最优，删除聚类，j = 18
收敛，非全局最优，删除聚类，j = 20
收敛，非全局最优，删除聚类，j = 21
收敛至全局最优，j = 23
******************第4帧估计成功!******************
real_s = 0.0062215 | estimat_s = 0.0062293
real_sigma = 0.001008 | estimat_sigma = 0.0010124
real_k = 19.1373 | estimat_k = 18.9293
TrueCluster = 4 | estimat_cluster = 4
Iterations = 23 | empirical_KLD = 0.0333
************************************************
此帧用时为15.2933 seconds！
************************************************
拐点,7次迭代周期后启动判决，j = 5
判决冗余概率，但发现接近收敛，不删除聚类，j = 12
收敛，非全局最优，删除聚类，j = 13
收敛，非全局最优，删除聚类，j = 14
收敛，非全局最优，删除聚类，j = 15
收敛，非全局最优，删除聚类，j = 16
收敛至全局最优，j = 18
******************第5帧估计成功!******************
real_s = 0.0062439 | estimat_s = 0.0062365
real_sigma = 0.0010045 | estimat_sigma = 0.0010032
real_k = 19.3891 | estimat_k = 19.3243
TrueCluster = 4 | estimat_cluster = 4
Iterations = 18 | empirical_KLD = 0.027306
************************************************
此帧用时为12.0052 seconds！
************************************************
拐点,7次迭代周期后启动判决，j = 4
判决冗余概率，删除聚类，j = 11
收敛，非全局最优，删除聚类，j = 19
收敛，非全局最优，删除聚类，j = 21
收敛，非全局最优，删除聚类，j = 22
收敛至全局最优，j = 24
******************第6帧估计成功!******************
real_s = 0.0062589 | estimat_s = 0.0062465
real_sigma = 0.00099665 | estimat_sigma = 0.00099587
real_k = 19.7714 | estimat_k = 19.6718
TrueCluster = 4 | estimat_cluster = 4
Iterations = 24 | empirical_KLD = 0.033417
************************************************
此帧用时为15.1661 seconds！
************************************************
拐点,7次迭代周期后启动判决，j = 6
判决冗余概率，删除聚类，j = 13
收敛，非全局最优，删除聚类，j = 15
收敛，非全局最优，删除聚类，j = 17
收敛，非全局最优，删除聚类，j = 18
收敛至全局最优，j = 20
******************第7帧估计成功!******************
real_s = 0.006275 | estimat_s = 0.006283
real_sigma = 0.0010123 | estimat_sigma = 0.0010136
real_k = 19.2199 | estimat_k = 19.212
TrueCluster = 4 | estimat_cluster = 4
Iterations = 20 | empirical_KLD = 0.03069
************************************************
此帧用时为12.7586 seconds！
************************************************
收敛，非全局最优，删除聚类，j = 17
收敛，非全局最优，删除聚类，j = 19
收敛，非全局最优，删除聚类，j = 21
收敛，非全局最优，删除聚类，j = 23
收敛至全局最优，j = 25
******************第8帧估计成功!******************
real_s = 0.0062942 | estimat_s = 0.0063063
real_sigma = 0.0010028 | estimat_sigma = 0.00099807
real_k = 19.7257 | estimat_k = 19.9621
TrueCluster = 4 | estimat_cluster = 4
Iterations = 25 | empirical_KLD = 0.033128
************************************************
此帧用时为16.2861 seconds！
************************************************
收敛，非全局最优，删除聚类，j = 8
收敛，非全局最优，删除聚类，j = 10
收敛，非全局最优，删除聚类，j = 11
收敛，非全局最优，删除聚类，j = 13
收敛至全局最优，j = 15
******************第9帧估计成功!******************
real_s = 0.0063014 | estimat_s = 0.0063055
real_sigma = 0.0009996 | estimat_sigma = 0.00099981
real_k = 19.8997 | estimat_k = 19.8874
TrueCluster = 4 | estimat_cluster = 4
Iterations = 15 | empirical_KLD = 0.0313
************************************************
此帧用时为9.6737 seconds！
************************************************
拐点,7次迭代周期后启动判决，j = 6
判决冗余概率，但发现接近收敛，不删除聚类，j = 13
收敛，非全局最优，删除聚类，j = 14
收敛，非全局最优，删除聚类，j = 15
收敛，非全局最优，删除聚类，j = 17
收敛，非全局最优，删除聚类，j = 18
收敛至全局最优，j = 19
******************第10帧估计成功!******************
real_s = 0.0062783 | estimat_s = 0.0062759
real_sigma = 0.00099731 | estimat_sigma = 0.00098613
real_k = 19.8453 | estimat_k = 20.2513
TrueCluster = 4 | estimat_cluster = 4
Iterations = 19 | empirical_KLD = 0.035145
************************************************
此帧用时为12.2823 seconds！
************************************************
拐点,7次迭代周期后启动判决，j = 9
判决冗余概率，但发现接近收敛，不删除聚类，j = 16
收敛，非全局最优，删除聚类，j = 18
收敛，非全局最优，删除聚类，j = 20
收敛，非全局最优，删除聚类，j = 21
收敛，非全局最优，删除聚类，j = 22
收敛至全局最优，j = 24
******************第11帧估计成功!******************
real_s = 0.0062606 | estimat_s = 0.0062661
real_sigma = 0.0010019 | estimat_sigma = 0.0010087
real_k = 19.563 | estimat_k = 19.2953
TrueCluster = 4 | estimat_cluster = 4
Iterations = 24 | empirical_KLD = 0.0371
************************************************
此帧用时为15.2649 seconds！
************************************************
收敛，非全局最优，删除聚类，j = 13
收敛，非全局最优，删除聚类，j = 15
收敛，非全局最优，删除聚类，j = 16
收敛，非全局最优，删除聚类，j = 17
收敛至全局最优，j = 19
******************第12帧估计成功!******************
real_s = 0.0062345 | estimat_s = 0.0062223
real_sigma = 0.00099397 | estimat_sigma = 0.00099199
real_k = 19.711 | estimat_k = 19.6724
TrueCluster = 4 | estimat_cluster = 4
Iterations = 19 | empirical_KLD = 0.033072
************************************************
此帧用时为12.3098 seconds！
************************************************
拐点,7次迭代周期后启动判决，j = 6
判决冗余概率，但发现接近收敛，不删除聚类，j = 13
收敛，非全局最优，删除聚类，j = 14
收敛，非全局最优，删除聚类，j = 16
收敛，非全局最优，删除聚类，j = 17
收敛，非全局最优，删除聚类，j = 18
收敛至全局最优，j = 20
******************第13帧估计成功!******************
real_s = 0.0062021 | estimat_s = 0.006195
real_sigma = 0.001002 | estimat_sigma = 0.0010032
real_k = 19.1785 | estimat_k = 19.0654
TrueCluster = 4 | estimat_cluster = 4
Iterations = 20 | empirical_KLD = 0.033278
************************************************
此帧用时为12.7911 seconds！
************************************************
拐点,7次迭代周期后启动判决，j = 8
判决冗余概率，但发现接近收敛，不删除聚类，j = 15
收敛，非全局最优，删除聚类，j = 21
收敛，非全局最优，删除聚类，j = 22
收敛，非全局最优，删除聚类，j = 23
收敛，非全局最优，删除聚类，j = 24
收敛至全局最优，j = 26
******************第14帧估计成功!******************
real_s = 0.0061724 | estimat_s = 0.0061702
real_sigma = 0.0010211 | estimat_sigma = 0.0010219
real_k = 18.332 | estimat_k = 18.2286
TrueCluster = 4 | estimat_cluster = 4
Iterations = 26 | empirical_KLD = 0.028419
************************************************
此帧用时为16.9363 seconds！
************************************************
拐点,7次迭代周期后启动判决，j = 7
判决冗余概率，但发现接近收敛，不删除聚类，j = 14
收敛，非全局最优，删除聚类，j = 15
收敛，非全局最优，删除聚类，j = 16
收敛，非全局最优，删除聚类，j = 17
收敛，非全局最优，删除聚类，j = 18
收敛至全局最优，j = 20
******************第15帧估计成功!******************
real_s = 0.0061735 | estimat_s = 0.0061695
real_sigma = 0.0010265 | estimat_sigma = 0.0010272
real_k = 18.1529 | estimat_k = 18.0383
TrueCluster = 4 | estimat_cluster = 4
Iterations = 20 | empirical_KLD = 0.024872
************************************************
此帧用时为12.2024 seconds！
************************************************
收敛，非全局最优，删除聚类，j = 12
收敛，非全局最优，删除聚类，j = 14
收敛，非全局最优，删除聚类，j = 15
收敛，非全局最优，删除聚类，j = 16
收敛至全局最优，j = 18
******************第16帧估计成功!******************
real_s = 0.0061767 | estimat_s = 0.0061577
real_sigma = 0.0010173 | estimat_sigma = 0.0010235
real_k = 18.5277 | estimat_k = 18.0974
TrueCluster = 4 | estimat_cluster = 4
Iterations = 18 | empirical_KLD = 0.026972
************************************************
此帧用时为10.3827 seconds！
************************************************
收敛，非全局最优，删除聚类，j = 14
收敛，非全局最优，删除聚类，j = 16
收敛，非全局最优，删除聚类，j = 17
收敛，非全局最优，删除聚类，j = 18
收敛至全局最优，j = 20
******************第17帧估计成功!******************
real_s = 0.0061923 | estimat_s = 0.0062137
real_sigma = 0.0010136 | estimat_sigma = 0.0010137
real_k = 18.7873 | estimat_k = 18.786
TrueCluster = 4 | estimat_cluster = 4
Iterations = 20 | empirical_KLD = 0.028567
************************************************
此帧用时为11.5929 seconds！
************************************************
拐点,7次迭代周期后启动判决，j = 8
判决冗余概率，但发现接近收敛，不删除聚类，j = 15
收敛，非全局最优，删除聚类，j = 16
收敛，非全局最优，删除聚类，j = 17
收敛，非全局最优，删除聚类，j = 18
收敛，非全局最优，删除聚类，j = 19
收敛至全局最优，j = 21
******************第18帧估计成功!******************
real_s = 0.006205 | estimat_s = 0.0061969
real_sigma = 0.0010102 | estimat_sigma = 0.0010184
real_k = 18.997 | estimat_k = 18.515
TrueCluster = 4 | estimat_cluster = 4
Iterations = 21 | empirical_KLD = 0.028267
************************************************
此帧用时为12.2368 seconds！
************************************************
收敛，非全局最优，删除聚类，j = 13
收敛，非全局最优，删除聚类，j = 15
收敛，非全局最优，删除聚类，j = 16
收敛，非全局最优，删除聚类，j = 18
收敛至全局最优，j = 20
******************第19帧估计成功!******************
real_s = 0.0062322 | estimat_s = 0.0062258
real_sigma = 0.00099616 | estimat_sigma = 0.00099411
real_k = 19.6257 | estimat_k = 19.6109
TrueCluster = 4 | estimat_cluster = 4
Iterations = 20 | empirical_KLD = 0.030618
************************************************
此帧用时为11.6645 seconds！
************************************************
拐点,7次迭代周期后启动判决，j = 5
判决冗余概率，但发现接近收敛，不删除聚类，j = 12
收敛，非全局最优，删除聚类，j = 15
收敛，非全局最优，删除聚类，j = 17
收敛，非全局最优，删除聚类，j = 18
收敛，非全局最优，删除聚类，j = 19
收敛至全局最优，j = 21
******************第20帧估计成功!******************
real_s = 0.0062454 | estimat_s = 0.0062589
real_sigma = 0.00099114 | estimat_sigma = 0.00098479
real_k = 19.8801 | estimat_k = 20.1968
TrueCluster = 4 | estimat_cluster = 4
Iterations = 21 | empirical_KLD = 0.03636
************************************************
此帧用时为11.9885 seconds！
************************************************
收敛，非全局最优，删除聚类，j = 9
收敛，非全局最优，删除聚类，j = 11
收敛，非全局最优，删除聚类，j = 12
收敛，非全局最优，删除聚类，j = 13
收敛至全局最优，j = 15
******************第21帧估计成功!******************
real_s = 0.0062375 | estimat_s = 0.0062166
real_sigma = 0.00099807 | estimat_sigma = 0.00098848
real_k = 19.5589 | estimat_k = 19.7759
TrueCluster = 4 | estimat_cluster = 4
Iterations = 15 | empirical_KLD = 0.037067
************************************************
此帧用时为8.8896 seconds！
************************************************
拐点,7次迭代周期后启动判决，j = 5
判决冗余概率，但发现接近收敛，不删除聚类，j = 12
收敛，非全局最优，删除聚类，j = 13
收敛，非全局最优，删除聚类，j = 15
收敛，非全局最优，删除聚类，j = 16
收敛，非全局最优，删除聚类，j = 17
收敛至全局最优，j = 19
******************第22帧估计成功!******************
real_s = 0.0062105 | estimat_s = 0.0062173
real_sigma = 0.0010146 | estimat_sigma = 0.0010191
real_k = 18.7565 | estimat_k = 18.6084
TrueCluster = 4 | estimat_cluster = 4
Iterations = 19 | empirical_KLD = 0.028871
************************************************
此帧用时为10.9888 seconds！
************************************************
收敛，非全局最优，删除聚类，j = 11
收敛，非全局最优，删除聚类，j = 13
收敛，非全局最优，删除聚类，j = 15
收敛，非全局最优，删除聚类，j = 16
收敛至全局最优，j = 18
******************第23帧估计成功!******************
real_s = 0.0061878 | estimat_s = 0.0061779
real_sigma = 0.0010275 | estimat_sigma = 0.0010218
real_k = 18.1615 | estimat_k = 18.2775
TrueCluster = 4 | estimat_cluster = 4
Iterations = 18 | empirical_KLD = 0.029289
************************************************
此帧用时为10.4978 seconds！
************************************************
收敛，非全局最优，删除聚类，j = 15
收敛，非全局最优，删除聚类，j = 16
收敛，非全局最优，删除聚类，j = 18
收敛，非全局最优，删除聚类，j = 19
收敛至全局最优，j = 21
******************第24帧估计成功!******************
real_s = 0.0061554 | estimat_s = 0.0061522
real_sigma = 0.001022 | estimat_sigma = 0.0010147
real_k = 18.1748 | estimat_k = 18.381
TrueCluster = 4 | estimat_cluster = 4
Iterations = 21 | empirical_KLD = 0.033688
************************************************
此帧用时为12.0553 seconds！
************************************************
收敛，非全局最优，删除聚类，j = 15
收敛，非全局最优，删除聚类，j = 17
收敛，非全局最优，删除聚类，j = 18
收敛，非全局最优，删除聚类，j = 19
收敛至全局最优，j = 21
******************第25帧估计成功!******************
real_s = 0.0061479 | estimat_s = 0.0061756
real_sigma = 0.0010316 | estimat_sigma = 0.0010348
real_k = 17.8032 | estimat_k = 17.8086
TrueCluster = 4 | estimat_cluster = 4
Iterations = 21 | empirical_KLD = 0.032588
************************************************
此帧用时为12.0353 seconds！
************************************************
拐点,7次迭代周期后启动判决，j = 6
判决冗余概率，但发现接近收敛，不删除聚类，j = 13
收敛，非全局最优，删除聚类，j = 14
收敛，非全局最优，删除聚类，j = 18
收敛，非全局最优，删除聚类，j = 20
收敛，非全局最优，删除聚类，j = 22
收敛至全局最优，j = 24
******************第26帧估计成功!******************
real_s = 0.0061494 | estimat_s = 0.0061416
real_sigma = 0.0010326 | estimat_sigma = 0.0010233
real_k = 17.7731 | estimat_k = 18.0124
TrueCluster = 4 | estimat_cluster = 4
Iterations = 24 | empirical_KLD = 0.025135
************************************************
此帧用时为13.9023 seconds！
************************************************
收敛，非全局最优，删除聚类，j = 6
收敛，非全局最优，删除聚类，j = 8
收敛，非全局最优，删除聚类，j = 9
收敛，非全局最优，删除聚类，j = 10
收敛至全局最优，j = 12
******************第27帧估计成功!******************
real_s = 0.0061708 | estimat_s = 0.0061498
real_sigma = 0.0010188 | estimat_sigma = 0.0010167
real_k = 18.4206 | estimat_k = 18.2957
TrueCluster = 4 | estimat_cluster = 4
Iterations = 12 | empirical_KLD = 0.028521
************************************************
此帧用时为6.93 seconds！
************************************************
拐点,7次迭代周期后启动判决，j = 10
判决冗余概率，但发现接近收敛，不删除聚类，j = 17
收敛，非全局最优，删除聚类，j = 18
收敛，非全局最优，删除聚类，j = 19
收敛，非全局最优，删除聚类，j = 21
收敛，非全局最优，删除聚类，j = 22
收敛至全局最优，j = 24
******************第28帧估计成功!******************
real_s = 0.006209 | estimat_s = 0.0062321
real_sigma = 0.0010104 | estimat_sigma = 0.0010164
real_k = 18.9346 | estimat_k = 18.797
TrueCluster = 4 | estimat_cluster = 4
Iterations = 24 | empirical_KLD = 0.033552
************************************************
此帧用时为14.1188 seconds！
************************************************
拐点,7次迭代周期后启动判决，j = 5
判决冗余概率，但发现接近收敛，不删除聚类，j = 12
收敛，非全局最优，删除聚类，j = 18
收敛，非全局最优，删除聚类，j = 20
收敛，非全局最优，删除聚类，j = 21
收敛，非全局最优，删除聚类，j = 22
收敛至全局最优，j = 24
******************第29帧估计成功!******************
real_s = 0.0062127 | estimat_s = 0.0062346
real_sigma = 0.001018 | estimat_sigma = 0.0010193
real_k = 18.6746 | estimat_k = 18.7044
TrueCluster = 4 | estimat_cluster = 4
Iterations = 24 | empirical_KLD = 0.027455
************************************************
此帧用时为14.2577 seconds！
************************************************
拐点,7次迭代周期后启动判决，j = 5
判决冗余概率，但发现接近收敛，不删除聚类，j = 12
收敛，非全局最优，删除聚类，j = 19
收敛，非全局最优，删除聚类，j = 20
收敛，非全局最优，删除聚类，j = 21
收敛，非全局最优，删除聚类，j = 23
收敛至全局最优，j = 25
******************第30帧估计成功!******************
real_s = 0.0062147 | estimat_s = 0.0062293
real_sigma = 0.00099195 | estimat_sigma = 0.00099623
real_k = 19.6988 | estimat_k = 19.5489
TrueCluster = 4 | estimat_cluster = 4
Iterations = 25 | empirical_KLD = 0.036829
************************************************
此帧用时为14.7958 seconds！
************************************************
拐点,7次迭代周期后启动判决，j = 9
判决冗余概率，但发现接近收敛，不删除聚类，j = 16
收敛，非全局最优，删除聚类，j = 19
收敛，非全局最优，删除聚类，j = 22
收敛，非全局最优，删除聚类，j = 24
收敛，非全局最优，删除聚类，j = 25
收敛至全局最优，j = 27
******************第31帧估计成功!******************
real_s = 0.006208 | estimat_s = 0.0061946
real_sigma = 0.000991 | estimat_sigma = 0.00099449
real_k = 19.6937 | estimat_k = 19.3998
TrueCluster = 4 | estimat_cluster = 4
Iterations = 27 | empirical_KLD = 0.036284
************************************************
此帧用时为15.824 seconds！
************************************************
收敛，非全局最优，删除聚类，j = 9
收敛，非全局最优，删除聚类，j = 11
收敛，非全局最优，删除聚类，j = 12
收敛，非全局最优，删除聚类，j = 13
收敛至全局最优，j = 15
******************第32帧估计成功!******************
real_s = 0.0061841 | estimat_s = 0.0061807
real_sigma = 0.0010088 | estimat_sigma = 0.0010035
real_k = 18.9049 | estimat_k = 18.9673
TrueCluster = 4 | estimat_cluster = 4
Iterations = 15 | empirical_KLD = 0.034545
************************************************
此帧用时为8.7275 seconds！
************************************************
拐点,7次迭代周期后启动判决，j = 9
判决冗余概率，但发现接近收敛，不删除聚类，j = 16
收敛，非全局最优，删除聚类，j = 21
收敛，非全局最优，删除聚类，j = 23
收敛，非全局最优，删除聚类，j = 25
收敛，非全局最优，删除聚类，j = 26
收敛至全局最优，j = 28
******************第33帧估计成功!******************
real_s = 0.0061366 | estimat_s = 0.0061274
real_sigma = 0.0010079 | estimat_sigma = 0.0010105
real_k = 18.6496 | estimat_k = 18.3838
TrueCluster = 4 | estimat_cluster = 4
Iterations = 28 | empirical_KLD = 0.031774
************************************************
此帧用时为16.593 seconds！
************************************************
拐点,7次迭代周期后启动判决，j = 6
判决冗余概率，但发现接近收敛，不删除聚类，j = 13
收敛，非全局最优，删除聚类，j = 16
收敛，非全局最优，删除聚类，j = 18
收敛，非全局最优，删除聚类，j = 19
收敛，非全局最优，删除聚类，j = 20
收敛至全局最优，j = 22
******************第34帧估计成功!******************
real_s = 0.0061456 | estimat_s = 0.0061802
real_sigma = 0.0010057 | estimat_sigma = 0.001001
real_k = 18.7841 | estimat_k = 19.0579
TrueCluster = 4 | estimat_cluster = 4
Iterations = 22 | empirical_KLD = 0.032624
************************************************
此帧用时为13.0041 seconds！
************************************************
收敛，非全局最优，删除聚类，j = 17
收敛，非全局最优，删除聚类，j = 18
收敛，非全局最优，删除聚类，j = 19
收敛，非全局最优，删除聚类，j = 20
收敛至全局最优，j = 22
******************第35帧估计成功!******************
real_s = 0.0061339 | estimat_s = 0.0061374
real_sigma = 0.0010214 | estimat_sigma = 0.0010174
real_k = 18.0576 | estimat_k = 18.1961
TrueCluster = 4 | estimat_cluster = 4
Iterations = 22 | empirical_KLD = 0.027639
************************************************
此帧用时为13.3777 seconds！
************************************************
拐点,7次迭代周期后启动判决，j = 5
判决冗余概率，但发现接近收敛，不删除聚类，j = 12
收敛，非全局最优，删除聚类，j = 15
收敛，非全局最优，删除聚类，j = 17
收敛，非全局最优，删除聚类，j = 18
收敛，非全局最优，删除聚类，j = 19
收敛至全局最优，j = 21
******************第36帧估计成功!******************
real_s = 0.0061362 | estimat_s = 0.0061289
real_sigma = 0.0010311 | estimat_sigma = 0.0010301
real_k = 17.7374 | estimat_k = 17.6988
TrueCluster = 4 | estimat_cluster = 4
Iterations = 21 | empirical_KLD = 0.032461
************************************************
此帧用时为12.1548 seconds！
************************************************
收敛，非全局最优，删除聚类，j = 14
收敛，非全局最优，删除聚类，j = 15
收敛，非全局最优，删除聚类，j = 17
收敛，非全局最优，删除聚类，j = 18
收敛至全局最优，j = 20
******************第37帧估计成功!******************
real_s = 0.0061552 | estimat_s = 0.0061489
real_sigma = 0.0010232 | estimat_sigma = 0.0010232
real_k = 18.1116 | estimat_k = 18.0582
TrueCluster = 4 | estimat_cluster = 4
Iterations = 20 | empirical_KLD = 0.031062
************************************************
此帧用时为11.7278 seconds！
************************************************
收敛，非全局最优，删除聚类，j = 15
收敛，非全局最优，删除聚类，j = 17
收敛，非全局最优，删除聚类，j = 19
收敛，非全局最优，删除聚类，j = 20
收敛至全局最优，j = 21
******************第38帧估计成功!******************
real_s = 0.0061826 | estimat_s = 0.0062025
real_sigma = 0.0010196 | estimat_sigma = 0.0010267
real_k = 18.4127 | estimat_k = 18.2499
TrueCluster = 4 | estimat_cluster = 4
Iterations = 21 | empirical_KLD = 0.031796
************************************************
此帧用时为12.5265 seconds！
************************************************
拐点,7次迭代周期后启动判决，j = 7
判决冗余概率，但发现接近收敛，不删除聚类，j = 14
收敛，非全局最优，删除聚类，j = 15
收敛，非全局最优，删除聚类，j = 17
收敛，非全局最优，删除聚类，j = 18
收敛，非全局最优，删除聚类，j = 20
收敛至全局最优，j = 22
******************第39帧估计成功!******************
real_s = 0.0061843 | estimat_s = 0.0061757
real_sigma = 0.0010135 | estimat_sigma = 0.0010085
real_k = 18.6608 | estimat_k = 18.7503
TrueCluster = 4 | estimat_cluster = 4
Iterations = 22 | empirical_KLD = 0.027842
************************************************
此帧用时为13.0062 seconds！
************************************************
拐点,7次迭代周期后启动判决，j = 8
判决冗余概率，但发现接近收敛，不删除聚类，j = 15
收敛，非全局最优，删除聚类，j = 18
收敛，非全局最优，删除聚类，j = 25
收敛，非全局最优，删除聚类，j = 27
收敛，非全局最优，删除聚类，j = 28
收敛至全局最优，j = 30
******************第40帧估计成功!******************
real_s = 0.006174 | estimat_s = 0.0061675
real_sigma = 0.0010049 | estimat_sigma = 0.0010043
real_k = 18.9268 | estimat_k = 18.856
TrueCluster = 4 | estimat_cluster = 4
Iterations = 30 | empirical_KLD = 0.036596
************************************************
此帧用时为17.3463 seconds！
************************************************
拐点,7次迭代周期后启动判决，j = 9
判决冗余概率，删除聚类，j = 16
收敛，非全局最优，删除聚类，j = 18
收敛，非全局最优，删除聚类，j = 19
收敛，非全局最优，删除聚类，j = 20
收敛至全局最优，j = 22
******************第41帧估计成功!******************
real_s = 0.0061558 | estimat_s = 0.0061406
real_sigma = 0.0010005 | estimat_sigma = 0.00099824
real_k = 18.9698 | estimat_k = 18.9199
TrueCluster = 4 | estimat_cluster = 4
Iterations = 22 | empirical_KLD = 0.031683
************************************************
此帧用时为12.5784 seconds！
************************************************
拐点,7次迭代周期后启动判决，j = 14
判决冗余概率，删除聚类，j = 21
收敛，非全局最优，删除聚类，j = 25
收敛，非全局最优，删除聚类，j = 27
收敛，非全局最优，删除聚类，j = 29
收敛至全局最优，j = 31
******************第42帧估计成功!******************
real_s = 0.0061525 | estimat_s = 0.006146
real_sigma = 0.0010008 | estimat_sigma = 0.00099137
real_k = 18.9406 | estimat_k = 19.2168
TrueCluster = 4 | estimat_cluster = 4
Iterations = 31 | empirical_KLD = 0.030847
************************************************
此帧用时为18.1485 seconds！
************************************************
收敛，非全局最优，删除聚类，j = 13
收敛，非全局最优，删除聚类，j = 15
收敛，非全局最优，删除聚类，j = 16
收敛，非全局最优，删除聚类，j = 17
收敛至全局最优，j = 19
******************第43帧估计成功!******************
real_s = 0.0061359 | estimat_s = 0.006131
real_sigma = 0.00099965 | estimat_sigma = 0.0010013
real_k = 18.8799 | estimat_k = 18.745
TrueCluster = 4 | estimat_cluster = 4
Iterations = 19 | empirical_KLD = 0.036093
************************************************
此帧用时为11.1902 seconds！
************************************************
拐点,7次迭代周期后启动判决，j = 7
判决冗余概率，删除聚类，j = 14
收敛，非全局最优，删除聚类，j = 18
收敛，非全局最优，删除聚类，j = 20
收敛，非全局最优，删除聚类，j = 21
收敛至全局最优，j = 23
******************第44帧估计成功!******************
real_s = 0.0061362 | estimat_s = 0.0061284
real_sigma = 0.00099926 | estimat_sigma = 0.00099488
real_k = 18.8979 | estimat_k = 18.9725
TrueCluster = 4 | estimat_cluster = 4
Iterations = 23 | empirical_KLD = 0.036247
************************************************
此帧用时为13.3668 seconds！
************************************************
收敛，非全局最优，删除聚类，j = 17
收敛，非全局最优，删除聚类，j = 18
收敛，非全局最优，删除聚类，j = 20
收敛，非全局最优，删除聚类，j = 21
收敛至全局最优，j = 23
******************第45帧估计成功!******************
real_s = 0.0061388 | estimat_s = 0.0061547
real_sigma = 0.0010173 | estimat_sigma = 0.0010163
real_k = 18.2676 | estimat_k = 18.3364
TrueCluster = 4 | estimat_cluster = 4
Iterations = 23 | empirical_KLD = 0.030015
************************************************
此帧用时为13.4945 seconds！
************************************************
收敛，非全局最优，删除聚类，j = 10
收敛，非全局最优，删除聚类，j = 14
收敛，非全局最优，删除聚类，j = 16
收敛，非全局最优，删除聚类，j = 17
收敛至全局最优，j = 19
******************第46帧估计成功!******************
real_s = 0.0061523 | estimat_s = 0.0061566
real_sigma = 0.0010208 | estimat_sigma = 0.0010134
real_k = 18.2284 | estimat_k = 18.4527
TrueCluster = 4 | estimat_cluster = 4
Iterations = 19 | empirical_KLD = 0.027311
************************************************
此帧用时为11.2263 seconds！
************************************************
收敛，非全局最优，删除聚类，j = 16
收敛，非全局最优，删除聚类，j = 17
收敛，非全局最优，删除聚类，j = 18
收敛，非全局最优，删除聚类，j = 20
收敛至全局最优，j = 22
******************第47帧估计成功!******************
real_s = 0.0061372 | estimat_s = 0.0061293
real_sigma = 0.0010128 | estimat_sigma = 0.0010152
real_k = 18.4356 | estimat_k = 18.2245
TrueCluster = 4 | estimat_cluster = 4
Iterations = 22 | empirical_KLD = 0.031742
************************************************
此帧用时为13.0035 seconds！
************************************************
收敛，非全局最优，删除聚类，j = 10
收敛，非全局最优，删除聚类，j = 12
收敛，非全局最优，删除聚类，j = 14
收敛，非全局最优，删除聚类，j = 15
收敛至全局最优，j = 17
******************第48帧估计成功!******************
real_s = 0.0061498 | estimat_s = 0.0061297
real_sigma = 0.0010048 | estimat_sigma = 0.0010017
real_k = 18.858 | estimat_k = 18.724
TrueCluster = 4 | estimat_cluster = 4
Iterations = 17 | empirical_KLD = 0.029976
************************************************
此帧用时为10.0243 seconds！
************************************************
拐点,7次迭代周期后启动判决，j = 5
判决冗余概率，但发现接近收敛，不删除聚类，j = 12
收敛，非全局最优，删除聚类，j = 17
收敛，非全局最优，删除聚类，j = 19
收敛，非全局最优，删除聚类，j = 20
收敛，非全局最优，删除聚类，j = 22
收敛至全局最优，j = 24
******************第49帧估计成功!******************
real_s = 0.0061518 | estimat_s = 0.0061537
real_sigma = 0.0010015 | estimat_sigma = 0.0010024
real_k = 19.0093 | estimat_k = 18.8435
TrueCluster = 4 | estimat_cluster = 4
Iterations = 24 | empirical_KLD = 0.031492
************************************************
此帧用时为13.769 seconds！
************************************************
收敛，非全局最优，删除聚类，j = 17
收敛，非全局最优，删除聚类，j = 19
收敛，非全局最优，删除聚类，j = 21
收敛，非全局最优，删除聚类，j = 22
收敛至全局最优，j = 24
******************第50帧估计成功!******************
real_s = 0.0061552 | estimat_s = 0.00614
real_sigma = 0.00098943 | estimat_sigma = 0.00098436
real_k = 19.4429 | estimat_k = 19.4539
TrueCluster = 4 | estimat_cluster = 4
Iterations = 24 | empirical_KLD = 0.036539
************************************************
此帧用时为14.0167 seconds！
************************************************
收敛，非全局最优，删除聚类，j = 14
收敛，非全局最优，删除聚类，j = 16
收敛，非全局最优，删除聚类，j = 18
收敛，非全局最优，删除聚类，j = 19
收敛至全局最优，j = 21
******************第51帧估计成功!******************
real_s = 0.0061482 | estimat_s = 0.0061314
real_sigma = 0.0009765 | estimat_sigma = 0.00098935
real_k = 19.8555 | estimat_k = 19.2041
TrueCluster = 4 | estimat_cluster = 4
Iterations = 21 | empirical_KLD = 0.035678
************************************************
此帧用时为12.0774 seconds！
************************************************
收敛，非全局最优，删除聚类，j = 13
收敛，非全局最优，删除聚类，j = 14
收敛，非全局最优，删除聚类，j = 15
收敛，非全局最优，删除聚类，j = 16
收敛至全局最优，j = 18
******************第52帧估计成功!******************
real_s = 0.0061323 | estimat_s = 0.0061443
real_sigma = 0.00097807 | estimat_sigma = 0.00097347
real_k = 19.696 | estimat_k = 19.9191
TrueCluster = 4 | estimat_cluster = 4
Iterations = 18 | empirical_KLD = 0.034726
************************************************
此帧用时为10.6062 seconds！
************************************************
拐点,7次迭代周期后启动判决，j = 5
判决冗余概率，但发现接近收敛，不删除聚类，j = 12
收敛，非全局最优，删除聚类，j = 16
收敛，非全局最优，删除聚类，j = 18
收敛，非全局最优，删除聚类，j = 19
收敛，非全局最优，删除聚类，j = 20
收敛至全局最优，j = 21
******************第53帧估计成功!******************
real_s = 0.0061076 | estimat_s = 0.0061266
real_sigma = 0.0009865 | estimat_sigma = 0.00098361
real_k = 19.1837 | estimat_k = 19.3981
TrueCluster = 4 | estimat_cluster = 4
Iterations = 21 | empirical_KLD = 0.031808
************************************************
此帧用时为12.2913 seconds！
************************************************
拐点,7次迭代周期后启动判决，j = 6
判决冗余概率，但发现接近收敛，不删除聚类，j = 13
收敛，非全局最优，删除聚类，j = 15
收敛，非全局最优，删除聚类，j = 16
收敛，非全局最优，删除聚类，j = 18
收敛，非全局最优，删除聚类，j = 19
收敛至全局最优，j = 21
******************第54帧估计成功!******************
real_s = 0.0060909 | estimat_s = 0.0061018
real_sigma = 0.00099721 | estimat_sigma = 0.0010006
real_k = 18.6569 | estimat_k = 18.5919
TrueCluster = 4 | estimat_cluster = 4
Iterations = 21 | empirical_KLD = 0.033126
************************************************
此帧用时为12.2364 seconds！
************************************************
收敛，非全局最优，删除聚类，j = 12
收敛，非全局最优，删除聚类，j = 14
收敛，非全局最优，删除聚类，j = 15
收敛，非全局最优，删除聚类，j = 16
收敛至全局最优，j = 18
******************第55帧估计成功!******************
real_s = 0.006094 | estimat_s = 0.0061123
real_sigma = 0.0010032 | estimat_sigma = 0.0010092
real_k = 18.4608 | estimat_k = 18.3402
TrueCluster = 4 | estimat_cluster = 4
Iterations = 18 | empirical_KLD = 0.028156
************************************************
此帧用时为10.3722 seconds！
************************************************
拐点,7次迭代周期后启动判决，j = 8
判决冗余概率，但发现接近收敛，不删除聚类，j = 15
收敛，非全局最优，删除聚类，j = 18
收敛，非全局最优，删除聚类，j = 20
收敛，非全局最优，删除聚类，j = 21
收敛，非全局最优，删除聚类，j = 22
收敛至全局最优，j = 24
******************第56帧估计成功!******************
real_s = 0.0060804 | estimat_s = 0.0060837
real_sigma = 0.0010092 | estimat_sigma = 0.0010134
real_k = 18.1596 | estimat_k = 18.0211
TrueCluster = 4 | estimat_cluster = 4
Iterations = 24 | empirical_KLD = 0.035958
************************************************
此帧用时为14.2528 seconds！
************************************************
收敛，非全局最优，删除聚类，j = 14
收敛，非全局最优，删除聚类，j = 15
收敛，非全局最优，删除聚类，j = 16
收敛，非全局最优，删除聚类，j = 17
收敛至全局最优，j = 19
******************第57帧估计成功!******************
real_s = 0.0060929 | estimat_s = 0.0060964
real_sigma = 0.0010119 | estimat_sigma = 0.0010011
real_k = 18.1363 | estimat_k = 18.5411
TrueCluster = 4 | estimat_cluster = 4
Iterations = 19 | empirical_KLD = 0.031741
************************************************
此帧用时为11.2428 seconds！
************************************************
拐点,7次迭代周期后启动判决，j = 5
判决冗余概率，删除聚类，j = 12
收敛，非全局最优，删除聚类，j = 23
收敛，非全局最优，删除聚类，j = 25
收敛，非全局最优，删除聚类，j = 26
收敛至全局最优，j = 28
******************第58帧估计成功!******************
real_s = 0.0061012 | estimat_s = 0.0061117
real_sigma = 0.0010231 | estimat_sigma = 0.001018
real_k = 17.7906 | estimat_k = 18.0204
TrueCluster = 4 | estimat_cluster = 4
Iterations = 28 | empirical_KLD = 0.028052
************************************************
此帧用时为16.0646 seconds！
************************************************
收敛，非全局最优，删除聚类，j = 12
收敛，非全局最优，删除聚类，j = 13
收敛，非全局最优，删除聚类，j = 15
收敛，非全局最优，删除聚类，j = 16
收敛至全局最优，j = 18
******************第59帧估计成功!******************
real_s = 0.0061023 | estimat_s = 0.006111
real_sigma = 0.0010203 | estimat_sigma = 0.0010266
real_k = 17.9007 | estimat_k = 17.7167
TrueCluster = 4 | estimat_cluster = 4
Iterations = 18 | empirical_KLD = 0.03421
************************************************
此帧用时为10.6335 seconds！
************************************************
拐点,7次迭代周期后启动判决，j = 7
判决冗余概率，但发现接近收敛，不删除聚类，j = 14
收敛，非全局最优，删除聚类，j = 19
收敛，非全局最优，删除聚类，j = 21
收敛，非全局最优，删除聚类，j = 22
收敛，非全局最优，删除聚类，j = 23
收敛至全局最优，j = 24
******************第60帧估计成功!******************
real_s = 0.0060916 | estimat_s = 0.0060806
real_sigma = 0.0010099 | estimat_sigma = 0.001008
real_k = 18.2193 | estimat_k = 18.1963
TrueCluster = 4 | estimat_cluster = 4
Iterations = 24 | empirical_KLD = 0.03134
************************************************
此帧用时为13.9064 seconds！
************************************************
收敛，非全局最优，删除聚类，j = 14
收敛，非全局最优，删除聚类，j = 15
收敛，非全局最优，删除聚类，j = 16
收敛，非全局最优，删除聚类，j = 17
收敛至全局最优，j = 19
******************第61帧估计成功!******************
real_s = 0.0060941 | estimat_s = 0.006109
real_sigma = 0.0010092 | estimat_sigma = 0.0010027
real_k = 18.2583 | estimat_k = 18.5581
TrueCluster = 4 | estimat_cluster = 4
Iterations = 19 | empirical_KLD = 0.029069
************************************************
此帧用时为11.3676 seconds！
************************************************
收敛，非全局最优，删除聚类，j = 15
收敛，非全局最优，删除聚类，j = 16
收敛，非全局最优，删除聚类，j = 18
收敛，非全局最优，删除聚类，j = 19
收敛至全局最优，j = 21
******************第62帧估计成功!******************
real_s = 0.0060871 | estimat_s = 0.0060993
real_sigma = 0.0010145 | estimat_sigma = 0.0010225
real_k = 18.0323 | estimat_k = 17.7919
TrueCluster = 4 | estimat_cluster = 4
Iterations = 21 | empirical_KLD = 0.02835
************************************************
此帧用时为12.5216 seconds！
************************************************
收敛，非全局最优，删除聚类，j = 14
收敛，非全局最优，删除聚类，j = 16
收敛，非全局最优，删除聚类，j = 17
收敛，非全局最优，删除聚类，j = 18
收敛至全局最优，j = 20
******************第63帧估计成功!******************
real_s = 0.0060824 | estimat_s = 0.0060885
real_sigma = 0.00099168 | estimat_sigma = 0.00099587
real_k = 18.8883 | estimat_k = 18.6892
TrueCluster = 4 | estimat_cluster = 4
Iterations = 20 | empirical_KLD = 0.036731
************************************************
此帧用时为11.9008 seconds！
************************************************
拐点,7次迭代周期后启动判决，j = 5
判决冗余概率，但发现接近收敛，不删除聚类，j = 12
收敛，非全局最优，删除聚类，j = 13
收敛，非全局最优，删除聚类，j = 15
收敛，非全局最优，删除聚类，j = 16
收敛，非全局最优，删除聚类，j = 17
收敛至全局最优，j = 19
******************第64帧估计成功!******************
real_s = 0.006072 | estimat_s = 0.0060598
real_sigma = 0.00098767 | estimat_sigma = 0.00099191
real_k = 18.9771 | estimat_k = 18.6613
TrueCluster = 4 | estimat_cluster = 4
Iterations = 19 | empirical_KLD = 0.03489
************************************************
此帧用时为11.0931 seconds！
************************************************
拐点,7次迭代周期后启动判决，j = 8
判决冗余概率，但发现接近收敛，不删除聚类，j = 15
收敛，非全局最优，删除聚类，j = 16
收敛，非全局最优，删除聚类，j = 17
收敛，非全局最优，删除聚类，j = 18
收敛，非全局最优，删除聚类，j = 19
收敛至全局最优，j = 21
******************第65帧估计成功!******************
real_s = 0.006077 | estimat_s = 0.0060942
real_sigma = 0.00098469 | estimat_sigma = 0.0009842
real_k = 19.1305 | estimat_k = 19.1703
TrueCluster = 4 | estimat_cluster = 4
Iterations = 21 | empirical_KLD = 0.035235
************************************************
此帧用时为12.3796 seconds！
************************************************
拐点,7次迭代周期后启动判决，j = 8
判决冗余概率，但发现接近收敛，不删除聚类，j = 15
收敛，非全局最优，删除聚类，j = 16
收敛，非全局最优，删除聚类，j = 18
收敛，非全局最优，删除聚类，j = 19
收敛，非全局最优，删除聚类，j = 20
收敛至全局最优，j = 22
******************第66帧估计成功!******************
real_s = 0.006086 | estimat_s = 0.006081
real_sigma = 0.00097632 | estimat_sigma = 0.0009742
real_k = 19.4981 | estimat_k = 19.4817
TrueCluster = 4 | estimat_cluster = 4
Iterations = 22 | empirical_KLD = 0.032015
************************************************
此帧用时为13.0166 seconds！
************************************************
拐点,7次迭代周期后启动判决，j = 7
判决冗余概率，但发现接近收敛，不删除聚类，j = 14
收敛，非全局最优，删除聚类，j = 16
收敛，非全局最优，删除聚类，j = 18
收敛，非全局最优，删除聚类，j = 19
收敛，非全局最优，删除聚类，j = 20
收敛至全局最优，j = 22
******************第67帧估计成功!******************
real_s = 0.0060799 | estimat_s = 0.0060856
real_sigma = 0.00095828 | estimat_sigma = 0.00095055
real_k = 20.1506 | estimat_k = 20.4941
TrueCluster = 4 | estimat_cluster = 4
Iterations = 22 | empirical_KLD = 0.041561
************************************************
此帧用时为13.1691 seconds！
************************************************
拐点,7次迭代周期后启动判决，j = 7
判决冗余概率，但发现接近收敛，不删除聚类，j = 14
收敛，非全局最优，删除聚类，j = 18
收敛，非全局最优，删除聚类，j = 20
收敛，非全局最优，删除聚类，j = 21
收敛，非全局最优，删除聚类，j = 22
收敛至全局最优，j = 24
******************第68帧估计成功!******************
real_s = 0.0060815 | estimat_s = 0.006093
real_sigma = 0.00096958 | estimat_sigma = 0.00096411
real_k = 19.6841 | estimat_k = 19.9699
TrueCluster = 4 | estimat_cluster = 4
Iterations = 24 | empirical_KLD = 0.036211
************************************************
此帧用时为14.2695 seconds！
************************************************
收敛，非全局最优，删除聚类，j = 12
收敛，非全局最优，删除聚类，j = 13
收敛，非全局最优，删除聚类，j = 14
收敛，非全局最优，删除聚类，j = 15
收敛至全局最优，j = 17
******************第69帧估计成功!******************
real_s = 0.0061036 | estimat_s = 0.0061364
real_sigma = 0.00098195 | estimat_sigma = 0.00098553
real_k = 19.3679 | estimat_k = 19.3845
TrueCluster = 4 | estimat_cluster = 4
Iterations = 17 | empirical_KLD = 0.037471
************************************************
此帧用时为9.9918 seconds！
************************************************
收敛，非全局最优，删除聚类，j = 14
收敛，非全局最优，删除聚类，j = 19
收敛，非全局最优，删除聚类，j = 21
收敛，非全局最优，删除聚类，j = 22
收敛至全局最优，j = 24
******************第70帧估计成功!******************
real_s = 0.0060927 | estimat_s = 0.006099
real_sigma = 0.00099175 | estimat_sigma = 0.00098904
real_k = 18.922 | estimat_k = 19.0135
TrueCluster = 4 | estimat_cluster = 4
Iterations = 24 | empirical_KLD = 0.033834
************************************************
此帧用时为14.0133 seconds！
************************************************
拐点,7次迭代周期后启动判决，j = 6
判决冗余概率，但发现接近收敛，不删除聚类，j = 13
收敛，非全局最优，删除聚类，j = 19
收敛，非全局最优，删除聚类，j = 20
收敛，非全局最优，删除聚类，j = 21
收敛，非全局最优，删除聚类，j = 22
收敛至全局最优，j = 24
******************第71帧估计成功!******************
real_s = 0.0060845 | estimat_s = 0.0060711
real_sigma = 0.00099973 | estimat_sigma = 0.00099703
real_k = 18.5733 | estimat_k = 18.5394
TrueCluster = 4 | estimat_cluster = 4
Iterations = 24 | empirical_KLD = 0.029892
************************************************
此帧用时为14.3109 seconds！
************************************************
收敛，非全局最优，删除聚类，j = 17
收敛，非全局最优，删除聚类，j = 19
收敛，非全局最优，删除聚类，j = 20
收敛，非全局最优，删除聚类，j = 21
收敛至全局最优，j = 23
******************第72帧估计成功!******************
real_s = 0.0060945 | estimat_s = 0.0061012
real_sigma = 0.0010174 | estimat_sigma = 0.001019
real_k = 17.955 | estimat_k = 17.9262
TrueCluster = 4 | estimat_cluster = 4
Iterations = 23 | empirical_KLD = 0.029431
************************************************
此帧用时为13.8867 seconds！
************************************************
拐点,7次迭代周期后启动判决，j = 7
判决冗余概率，但发现接近收敛，不删除聚类，j = 14
收敛，非全局最优，删除聚类，j = 15
收敛，非全局最优，删除聚类，j = 17
收敛，非全局最优，删除聚类，j = 18
收敛，非全局最优，删除聚类，j = 19
收敛至全局最优，j = 21
******************第73帧估计成功!******************
real_s = 0.0060903 | estimat_s = 0.00608
real_sigma = 0.0010256 | estimat_sigma = 0.0010232
real_k = 17.6325 | estimat_k = 17.653
TrueCluster = 4 | estimat_cluster = 4
Iterations = 21 | empirical_KLD = 0.030977
************************************************
此帧用时为12.4344 seconds！
************************************************
收敛，非全局最优，删除聚类，j = 18
收敛，非全局最优，删除聚类，j = 19
收敛，非全局最优，删除聚类，j = 21
收敛，非全局最优，删除聚类，j = 22
收敛至全局最优，j = 24
******************第74帧估计成功!******************
real_s = 0.0060736 | estimat_s = 0.0060657
real_sigma = 0.001014 | estimat_sigma = 0.0010027
real_k = 17.9526 | estimat_k = 18.2987
TrueCluster = 4 | estimat_cluster = 4
Iterations = 24 | empirical_KLD = 0.033561
************************************************
此帧用时为14.0938 seconds！
************************************************
拐点,7次迭代周期后启动判决，j = 5
判决冗余概率，但发现接近收敛，不删除聚类，j = 12
收敛，非全局最优，删除聚类，j = 13
收敛，非全局最优，删除聚类，j = 15
收敛，非全局最优，删除聚类，j = 16
收敛，非全局最优，删除聚类，j = 17
收敛至全局最优，j = 19
******************第75帧估计成功!******************
real_s = 0.0060773 | estimat_s = 0.0060644
real_sigma = 0.001023 | estimat_sigma = 0.0010254
real_k = 17.674 | estimat_k = 17.4884
TrueCluster = 4 | estimat_cluster = 4
Iterations = 19 | empirical_KLD = 0.02956
************************************************
此帧用时为11.3552 seconds！
************************************************
收敛，非全局最优，删除聚类，j = 12
收敛，非全局最优，删除聚类，j = 13
收敛，非全局最优，删除聚类，j = 15
收敛，非全局最优，删除聚类，j = 16
收敛至全局最优，j = 18
******************第76帧估计成功!******************
real_s = 0.0060842 | estimat_s = 0.0060863
real_sigma = 0.0010238 | estimat_sigma = 0.0010197
real_k = 17.6862 | estimat_k = 17.814
TrueCluster = 4 | estimat_cluster = 4
Iterations = 18 | empirical_KLD = 0.030532
************************************************
此帧用时为10.8106 seconds！
************************************************
拐点,7次迭代周期后启动判决，j = 9
判决冗余概率，但发现接近收敛，不删除聚类，j = 16
收敛，非全局最优，删除聚类，j = 17
收敛，非全局最优，删除聚类，j = 18
收敛，非全局最优，删除聚类，j = 19
收敛，非全局最优，删除聚类，j = 20
收敛至全局最优，j = 22
******************第77帧估计成功!******************
real_s = 0.0060873 | estimat_s = 0.0060923
real_sigma = 0.0010239 | estimat_sigma = 0.0010197
real_k = 17.7034 | estimat_k = 17.8492
TrueCluster = 4 | estimat_cluster = 4
Iterations = 22 | empirical_KLD = 0.029802
************************************************
此帧用时为12.8936 seconds！
************************************************
拐点,7次迭代周期后启动判决，j = 12
判决冗余概率，删除聚类，j = 19
收敛，非全局最优，删除聚类，j = 23
收敛，非全局最优，删除聚类，j = 25
收敛，非全局最优，删除聚类，j = 26
收敛至全局最优，j = 28
******************第78帧估计成功!******************
real_s = 0.0060901 | estimat_s = 0.0061168
real_sigma = 0.0010127 | estimat_sigma = 0.0010209
real_k = 18.1351 | estimat_k = 17.9485
TrueCluster = 4 | estimat_cluster = 4
Iterations = 28 | empirical_KLD = 0.029734
************************************************
此帧用时为16.832 seconds！
************************************************
收敛，非全局最优，删除聚类，j = 13
收敛，非全局最优，删除聚类，j = 15
收敛，非全局最优，删除聚类，j = 17
收敛，非全局最优，删除聚类，j = 19
收敛至全局最优，j = 21
******************第79帧估计成功!******************
real_s = 0.0060984 | estimat_s = 0.0061033
real_sigma = 0.0010157 | estimat_sigma = 0.001011
real_k = 18.071 | estimat_k = 18.2213
TrueCluster = 4 | estimat_cluster = 4
Iterations = 21 | empirical_KLD = 0.02999
************************************************
此帧用时为12.4232 seconds！
************************************************
拐点,7次迭代周期后启动判决，j = 6
判决冗余概率，删除聚类，j = 13
收敛，非全局最优，删除聚类，j = 17
收敛，非全局最优，删除聚类，j = 18
收敛，非全局最优，删除聚类，j = 20
收敛至全局最优，j = 22
******************第80帧估计成功!******************
real_s = 0.0060883 | estimat_s = 0.0060651
real_sigma = 0.001003 | estimat_sigma = 0.0010007
real_k = 18.4428 | estimat_k = 18.3666
TrueCluster = 4 | estimat_cluster = 4
Iterations = 22 | empirical_KLD = 0.030599
************************************************
此帧用时为12.7697 seconds！
************************************************
收敛，非全局最优，删除聚类，j = 7
收敛，非全局最优，删除聚类，j = 9
收敛，非全局最优，删除聚类，j = 10
收敛，非全局最优，删除聚类，j = 11
收敛至全局最优，j = 13
******************第81帧估计成功!******************
real_s = 0.006064 | estimat_s = 0.0060451
real_sigma = 0.0010041 | estimat_sigma = 0.00099748
real_k = 18.268 | estimat_k = 18.3644
TrueCluster = 4 | estimat_cluster = 4
Iterations = 13 | empirical_KLD = 0.031205
************************************************
此帧用时为7.7208 seconds！
************************************************
收敛，非全局最优，删除聚类，j = 11
收敛，非全局最优，删除聚类，j = 13
收敛，非全局最优，删除聚类，j = 14
收敛，非全局最优，删除聚类，j = 15
收敛至全局最优，j = 17
******************第82帧估计成功!******************
real_s = 0.006049 | estimat_s = 0.0060483
real_sigma = 0.00099069 | estimat_sigma = 0.00098766
real_k = 18.6741 | estimat_k = 18.7509
TrueCluster = 4 | estimat_cluster = 4
Iterations = 17 | empirical_KLD = 0.033855
************************************************
此帧用时为10.3146 seconds！
************************************************
收敛，非全局最优，删除聚类，j = 13
收敛，非全局最优，删除聚类，j = 15
收敛，非全局最优，删除聚类，j = 16
收敛，非全局最优，删除聚类，j = 17
收敛至全局最优，j = 19
******************第83帧估计成功!******************
real_s = 0.006047 | estimat_s = 0.0060571
real_sigma = 0.00098462 | estimat_sigma = 0.00099442
real_k = 18.9172 | estimat_k = 18.5506
TrueCluster = 4 | estimat_cluster = 4
Iterations = 19 | empirical_KLD = 0.03053
************************************************
此帧用时为11.3902 seconds！
************************************************
拐点,7次迭代周期后启动判决，j = 6
判决冗余概率，但发现接近收敛，不删除聚类，j = 13
收敛，非全局最优，删除聚类，j = 16
收敛，非全局最优，删除聚类，j = 18
收敛，非全局最优，删除聚类，j = 19
收敛，非全局最优，删除聚类，j = 21
收敛至全局最优，j = 23
******************第84帧估计成功!******************
real_s = 0.0060331 | estimat_s = 0.0060364
real_sigma = 0.00098645 | estimat_sigma = 0.00098739
real_k = 18.7659 | estimat_k = 18.6875
TrueCluster = 4 | estimat_cluster = 4
Iterations = 23 | empirical_KLD = 0.0328
************************************************
此帧用时为13.8205 seconds！
************************************************
收敛，非全局最优，删除聚类，j = 12
收敛，非全局最优，删除聚类，j = 13
收敛，非全局最优，删除聚类，j = 14
收敛，非全局最优，删除聚类，j = 15
收敛至全局最优，j = 17
******************第85帧估计成功!******************
real_s = 0.0060486 | estimat_s = 0.0060451
real_sigma = 0.00098819 | estimat_sigma = 0.0009784
real_k = 18.7954 | estimat_k = 19.0874
TrueCluster = 4 | estimat_cluster = 4
Iterations = 17 | empirical_KLD = 0.034035
************************************************
此帧用时为10.2314 seconds！
************************************************
拐点,7次迭代周期后启动判决，j = 6
判决冗余概率，但发现接近收敛，不删除聚类，j = 13
收敛，非全局最优，删除聚类，j = 15
收敛，非全局最优，删除聚类，j = 17
收敛，非全局最优，删除聚类，j = 19
收敛，非全局最优，删除聚类，j = 20
收敛至全局最优，j = 22
******************第86帧估计成功!******************
real_s = 0.0060663 | estimat_s = 0.0060671
real_sigma = 0.00099184 | estimat_sigma = 0.00099042
real_k = 18.776 | estimat_k = 18.7624
TrueCluster = 4 | estimat_cluster = 4
Iterations = 22 | empirical_KLD = 0.033664
************************************************
此帧用时为13.335 seconds！
************************************************
收敛，非全局最优，删除聚类，j = 15
收敛，非全局最优，删除聚类，j = 16
收敛，非全局最优，删除聚类，j = 17
收敛，非全局最优，删除聚类，j = 19
收敛至全局最优，j = 21
******************第87帧估计成功!******************
real_s = 0.0060847 | estimat_s = 0.0060869
real_sigma = 0.00099427 | estimat_sigma = 0.0010044
real_k = 18.7962 | estimat_k = 18.3627
TrueCluster = 4 | estimat_cluster = 4
Iterations = 21 | empirical_KLD = 0.033149
************************************************
此帧用时为12.455 seconds！
************************************************
收敛，非全局最优，删除聚类，j = 9
收敛，非全局最优，删除聚类，j = 11
收敛，非全局最优，删除聚类，j = 12
收敛，非全局最优，删除聚类，j = 14
收敛至全局最优，j = 16
******************第88帧估计成功!******************
real_s = 0.0060901 | estimat_s = 0.006093
real_sigma = 0.0010132 | estimat_sigma = 0.001015
real_k = 18.1004 | estimat_k = 18.0193
TrueCluster = 4 | estimat_cluster = 4
Iterations = 16 | empirical_KLD = 0.035503
************************************************
此帧用时为9.7763 seconds！
************************************************
收敛，非全局最优，删除聚类，j = 16
收敛，非全局最优，删除聚类，j = 18
收敛，非全局最优，删除聚类，j = 20
收敛，非全局最优，删除聚类，j = 21
收敛至全局最优，j = 23
******************第89帧估计成功!******************
real_s = 0.0060991 | estimat_s = 0.0060861
real_sigma = 0.0010112 | estimat_sigma = 0.0010136
real_k = 18.2281 | estimat_k = 18.027
TrueCluster = 4 | estimat_cluster = 4
Iterations = 23 | empirical_KLD = 0.028144
************************************************
此帧用时为13.5714 seconds！
************************************************
拐点,7次迭代周期后启动判决，j = 7
判决冗余概率，但发现接近收敛，不删除聚类，j = 14
收敛，非全局最优，删除聚类，j = 19
收敛，非全局最优，删除聚类，j = 20
收敛，非全局最优，删除聚类，j = 21
收敛，非全局最优，删除聚类，j = 22
收敛至全局最优，j = 24
******************第90帧估计成功!******************
real_s = 0.0060971 | estimat_s = 0.0061207
real_sigma = 0.0010113 | estimat_sigma = 0.0010153
real_k = 18.2124 | estimat_k = 18.1694
TrueCluster = 4 | estimat_cluster = 4
Iterations = 24 | empirical_KLD = 0.026776
************************************************
此帧用时为16.4301 seconds！
************************************************
收敛，非全局最优，删除聚类，j = 12
收敛，非全局最优，删除聚类，j = 13
收敛，非全局最优，删除聚类，j = 14
收敛，非全局最优，删除聚类，j = 15
收敛至全局最优，j = 17
******************第91帧估计成功!******************
real_s = 0.0061199 | estimat_s = 0.0061458
real_sigma = 0.0010117 | estimat_sigma = 0.0010076
real_k = 18.3291 | estimat_k = 18.6003
TrueCluster = 4 | estimat_cluster = 4
Iterations = 17 | empirical_KLD = 0.028291
************************************************
此帧用时为11.9151 seconds！
************************************************
收敛，非全局最优，删除聚类，j = 14
收敛，非全局最优，删除聚类，j = 16
收敛，非全局最优，删除聚类，j = 17
收敛，非全局最优，删除聚类，j = 18
收敛至全局最优，j = 20
******************第92帧估计成功!******************
real_s = 0.0061017 | estimat_s = 0.0061138
real_sigma = 0.0010171 | estimat_sigma = 0.0010054
real_k = 18.0089 | estimat_k = 18.4883
TrueCluster = 4 | estimat_cluster = 4
Iterations = 20 | empirical_KLD = 0.032794
************************************************
此帧用时为13.5046 seconds！
************************************************
收敛，非全局最优，删除聚类，j = 13
收敛，非全局最优，删除聚类，j = 15
收敛，非全局最优，删除聚类，j = 17
收敛，非全局最优，删除聚类，j = 19
收敛至全局最优，j = 21
******************第93帧估计成功!******************
real_s = 0.0060885 | estimat_s = 0.0061049
real_sigma = 0.0010041 | estimat_sigma = 0.0010161
real_k = 18.4035 | estimat_k = 18.0475
TrueCluster = 4 | estimat_cluster = 4
Iterations = 21 | empirical_KLD = 0.029262
************************************************
此帧用时为14.0567 seconds！
************************************************
拐点,7次迭代周期后启动判决，j = 7
判决冗余概率，但发现接近收敛，不删除聚类，j = 14
收敛，非全局最优，删除聚类，j = 15
收敛，非全局最优，删除聚类，j = 17
收敛，非全局最优，删除聚类，j = 18
收敛，非全局最优，删除聚类，j = 19
收敛至全局最优，j = 21
******************第94帧估计成功!******************
real_s = 0.0060937 | estimat_s = 0.0060774
real_sigma = 0.0010004 | estimat_sigma = 0.00099481
real_k = 18.5781 | estimat_k = 18.6607
TrueCluster = 4 | estimat_cluster = 4
Iterations = 21 | empirical_KLD = 0.032413
************************************************
此帧用时为14.2638 seconds！
************************************************
拐点,7次迭代周期后启动判决，j = 8
判决冗余概率，但发现接近收敛，不删除聚类，j = 15
收敛，非全局最优，删除聚类，j = 16
收敛，非全局最优，删除聚类，j = 17
收敛，非全局最优，删除聚类，j = 18
收敛，非全局最优，删除聚类，j = 19
收敛至全局最优，j = 21
******************第95帧估计成功!******************
real_s = 0.0060971 | estimat_s = 0.0060923
real_sigma = 0.0010065 | estimat_sigma = 0.0010007
real_k = 18.3819 | estimat_k = 18.5326
TrueCluster = 4 | estimat_cluster = 4
Iterations = 21 | empirical_KLD = 0.028318
************************************************
此帧用时为14.091 seconds！
************************************************
拐点,7次迭代周期后启动判决，j = 7
判决冗余概率，但发现接近收敛，不删除聚类，j = 14
收敛，非全局最优，删除聚类，j = 15
收敛，非全局最优，删除聚类，j = 16
收敛，非全局最优，删除聚类，j = 17
收敛，非全局最优，删除聚类，j = 18
收敛至全局最优，j = 20
******************第96帧估计成功!******************
real_s = 0.0060939 | estimat_s = 0.0060927
real_sigma = 0.0010043 | estimat_sigma = 0.001012
real_k = 18.4413 | estimat_k = 18.1242
TrueCluster = 4 | estimat_cluster = 4
Iterations = 20 | empirical_KLD = 0.028141
************************************************
此帧用时为12.1269 seconds！
************************************************
收敛，非全局最优，删除聚类，j = 14
收敛，非全局最优，删除聚类，j = 15
收敛，非全局最优，删除聚类，j = 17
收敛，非全局最优，删除聚类，j = 18
收敛至全局最优，j = 20
******************第97帧估计成功!******************
real_s = 0.0061316 | estimat_s = 0.0061337
real_sigma = 0.0010076 | estimat_sigma = 0.0010122
real_k = 18.5442 | estimat_k = 18.3614
TrueCluster = 4 | estimat_cluster = 4
Iterations = 20 | empirical_KLD = 0.031015
************************************************
此帧用时为12.2338 seconds！
************************************************
拐点,7次迭代周期后启动判决，j = 12
判决冗余概率，但发现接近收敛，不删除聚类，j = 19
收敛，非全局最优，删除聚类，j = 20
收敛，非全局最优，删除聚类，j = 21
收敛，非全局最优，删除聚类，j = 22
收敛，非全局最优，删除聚类，j = 23
收敛至全局最优，j = 25
******************第98帧估计成功!******************
real_s = 0.0061486 | estimat_s = 0.0061405
real_sigma = 0.0010175 | estimat_sigma = 0.0010203
real_k = 18.2777 | estimat_k = 18.1094
TrueCluster = 4 | estimat_cluster = 4
Iterations = 25 | empirical_KLD = 0.025755
************************************************
此帧用时为14.9245 seconds！
************************************************
收敛，非全局最优，删除聚类，j = 9
收敛，非全局最优，删除聚类，j = 11
收敛，非全局最优，删除聚类，j = 12
收敛，非全局最优，删除聚类，j = 14
收敛至全局最优，j = 16
******************第99帧估计成功!******************
real_s = 0.0061636 | estimat_s = 0.0061583
real_sigma = 0.0010257 | estimat_sigma = 0.00102
real_k = 18.0611 | estimat_k = 18.2255
TrueCluster = 4 | estimat_cluster = 4
Iterations = 16 | empirical_KLD = 0.030444
************************************************
此帧用时为9.498 seconds！
************************************************
拐点,7次迭代周期后启动判决，j = 5
判决冗余概率，但发现接近收敛，不删除聚类，j = 12
收敛，非全局最优，删除聚类，j = 13
收敛，非全局最优，删除聚类，j = 14
收敛，非全局最优，删除聚类，j = 16
收敛，非全局最优，删除聚类，j = 17
收敛至全局最优，j = 19
******************第100帧估计成功!******************
real_s = 0.0061801 | estimat_s = 0.0061894
real_sigma = 0.001016 | estimat_sigma = 0.0010238
real_k = 18.5164 | estimat_k = 18.2752
TrueCluster = 4 | estimat_cluster = 4
Iterations = 19 | empirical_KLD = 0.036388
************************************************
此帧用时为11.4471 seconds！
************************************************
收敛，非全局最优，删除聚类，j = 14
收敛，非全局最优，删除聚类，j = 16
收敛，非全局最优，删除聚类，j = 18
收敛，非全局最优，删除聚类，j = 19
收敛至全局最优，j = 21
******************第101帧估计成功!******************
real_s = 0.0061637 | estimat_s = 0.0061574
real_sigma = 0.0010042 | estimat_sigma = 0.0010068
real_k = 18.8534 | estimat_k = 18.7028
TrueCluster = 4 | estimat_cluster = 4
Iterations = 21 | empirical_KLD = 0.031501
************************************************
此帧用时为12.6133 seconds！
************************************************
拐点,7次迭代周期后启动判决，j = 5
判决冗余概率，但发现接近收敛，不删除聚类，j = 12
收敛，非全局最优，删除聚类，j = 13
收敛，非全局最优，删除聚类，j = 15
收敛，非全局最优，删除聚类，j = 16
收敛，非全局最优，删除聚类，j = 18
收敛至全局最优，j = 20
******************第102帧估计成功!******************
real_s = 0.0061468 | estimat_s = 0.0061429
real_sigma = 0.0010001 | estimat_sigma = 0.00099636
real_k = 18.9048 | estimat_k = 19.0055
TrueCluster = 4 | estimat_cluster = 4
Iterations = 20 | empirical_KLD = 0.034372
************************************************
此帧用时为12.0472 seconds！
************************************************
收敛，非全局最优，删除聚类，j = 15
收敛，非全局最优，删除聚类，j = 16
收敛，非全局最优，删除聚类，j = 18
收敛，非全局最优，删除聚类，j = 19
收敛至全局最优，j = 21
******************第103帧估计成功!******************
real_s = 0.006137 | estimat_s = 0.0061398
real_sigma = 0.00099567 | estimat_sigma = 0.0010015
real_k = 19.0054 | estimat_k = 18.7908
TrueCluster = 4 | estimat_cluster = 4
Iterations = 21 | empirical_KLD = 0.032855
************************************************
此帧用时为12.8151 seconds！
************************************************
收敛，非全局最优，删除聚类，j = 12
收敛，非全局最优，删除聚类，j = 14
收敛，非全局最优，删除聚类，j = 15
收敛，非全局最优，删除聚类，j = 16
收敛至全局最优，j = 18
******************第104帧估计成功!******************
real_s = 0.0061245 | estimat_s = 0.0061253
real_sigma = 0.00098666 | estimat_sigma = 0.00098162
real_k = 19.2736 | estimat_k = 19.4687
TrueCluster = 4 | estimat_cluster = 4
Iterations = 18 | empirical_KLD = 0.037226
************************************************
此帧用时为10.9233 seconds！
************************************************
收敛，非全局最优，删除聚类，j = 14
收敛，非全局最优，删除聚类，j = 15
收敛，非全局最优，删除聚类，j = 17
收敛，非全局最优，删除聚类，j = 18
收敛至全局最优，j = 19
******************第105帧估计成功!******************
real_s = 0.006108 | estimat_s = 0.006129
real_sigma = 0.00098677 | estimat_sigma = 0.00099667
real_k = 19.1649 | estimat_k = 18.9078
TrueCluster = 4 | estimat_cluster = 4
Iterations = 19 | empirical_KLD = 0.031777
************************************************
此帧用时为12.1954 seconds！
************************************************
拐点,7次迭代周期后启动判决，j = 5
判决冗余概率，但发现接近收敛，不删除聚类，j = 12
收敛，非全局最优，删除聚类，j = 16
收敛，非全局最优，删除聚类，j = 18
收敛，非全局最优，删除聚类，j = 20
收敛，非全局最优，删除聚类，j = 21
收敛至全局最优，j = 23
******************第106帧估计成功!******************
real_s = 0.0061184 | estimat_s = 0.006116
real_sigma = 0.00099407 | estimat_sigma = 0.00099104
real_k = 18.9516 | estimat_k = 19.0424
TrueCluster = 4 | estimat_cluster = 4
Iterations = 23 | empirical_KLD = 0.032837
************************************************
此帧用时为14.5298 seconds！
************************************************
拐点,7次迭代周期后启动判决，j = 8
判决冗余概率，但发现接近收敛，不删除聚类，j = 15
收敛，非全局最优，删除聚类，j = 16
收敛，非全局最优，删除聚类，j = 17
收敛，非全局最优，删除聚类，j = 18
收敛，非全局最优，删除聚类，j = 20
收敛至全局最优，j = 22
******************第107帧估计成功!******************
real_s = 0.006125 | estimat_s = 0.0061066
real_sigma = 0.00099408 | estimat_sigma = 0.00098979
real_k = 18.9917 | estimat_k = 19.0318
TrueCluster = 4 | estimat_cluster = 4
Iterations = 22 | empirical_KLD = 0.034419
************************************************
此帧用时为13.6468 seconds！
************************************************
收敛，非全局最优，删除聚类，j = 14
收敛，非全局最优，删除聚类，j = 16
收敛，非全局最优，删除聚类，j = 18
收敛，非全局最优，删除聚类，j = 19
收敛至全局最优，j = 21
******************第108帧估计成功!******************
real_s = 0.0061493 | estimat_s = 0.0061387
real_sigma = 0.00098867 | estimat_sigma = 0.00099377
real_k = 19.3581 | estimat_k = 19.0788
TrueCluster = 4 | estimat_cluster = 4
Iterations = 21 | empirical_KLD = 0.032633
************************************************
此帧用时为12.7097 seconds！
************************************************
收敛，非全局最优，删除聚类，j = 18
收敛，非全局最优，删除聚类，j = 20
收敛，非全局最优，删除聚类，j = 22
收敛，非全局最优，删除聚类，j = 23
收敛至全局最优，j = 25
******************第109帧估计成功!******************
real_s = 0.0061577 | estimat_s = 0.0061318
real_sigma = 0.00098395 | estimat_sigma = 0.00098321
real_k = 19.6148 | estimat_k = 19.4473
TrueCluster = 4 | estimat_cluster = 4
Iterations = 25 | empirical_KLD = 0.032198
************************************************
此帧用时为15.0831 seconds！
************************************************
拐点,7次迭代周期后启动判决，j = 8
判决冗余概率，但发现接近收敛，不删除聚类，j = 15
收敛，非全局最优，删除聚类，j = 17
收敛，非全局最优，删除聚类，j = 19
收敛，非全局最优，删除聚类，j = 20
收敛，非全局最优，删除聚类，j = 21
收敛至全局最优，j = 23
******************第110帧估计成功!******************
real_s = 0.006192 | estimat_s = 0.0061798
real_sigma = 0.00099305 | estimat_sigma = 0.00099343
real_k = 19.4827 | estimat_k = 19.3487
TrueCluster = 4 | estimat_cluster = 4
Iterations = 23 | empirical_KLD = 0.03135
************************************************
此帧用时为13.8948 seconds！
************************************************
拐点,7次迭代周期后启动判决，j = 9
判决冗余概率，但发现接近收敛，不删除聚类，j = 16
收敛，非全局最优，删除聚类，j = 17
收敛，非全局最优，删除聚类，j = 19
收敛，非全局最优，删除聚类，j = 20
收敛，非全局最优，删除聚类，j = 21
收敛至全局最优，j = 23
******************第111帧估计成功!******************
real_s = 0.006203 | estimat_s = 0.0061929
real_sigma = 0.00099594 | estimat_sigma = 0.00099751
real_k = 19.445 | estimat_k = 19.2717
TrueCluster = 4 | estimat_cluster = 4
Iterations = 23 | empirical_KLD = 0.030701
************************************************
此帧用时为13.9503 seconds！
************************************************
收敛，非全局最优，删除聚类，j = 8
收敛，非全局最优，删除聚类，j = 10
收敛，非全局最优，删除聚类，j = 11
收敛，非全局最优，删除聚类，j = 12
收敛至全局最优，j = 14
******************第112帧估计成功!******************
real_s = 0.0062091 | estimat_s = 0.0062124
real_sigma = 0.0010146 | estimat_sigma = 0.0010124
real_k = 18.8539 | estimat_k = 18.8253
TrueCluster = 4 | estimat_cluster = 4
Iterations = 14 | empirical_KLD = 0.033246
************************************************
此帧用时为8.5763 seconds！
************************************************
拐点,7次迭代周期后启动判决，j = 7
判决冗余概率，但发现接近收敛，不删除聚类，j = 14
收敛，非全局最优，删除聚类，j = 15
收敛，非全局最优，删除聚类，j = 16
收敛，非全局最优，删除聚类，j = 17
收敛，非全局最优，删除聚类，j = 18
收敛至全局最优，j = 20
******************第113帧估计成功!******************
real_s = 0.0062083 | estimat_s = 0.0062239
real_sigma = 0.001019 | estimat_sigma = 0.0010271
real_k = 18.6684 | estimat_k = 18.3583
TrueCluster = 4 | estimat_cluster = 4
Iterations = 20 | empirical_KLD = 0.027456
************************************************
此帧用时为12.4206 seconds！
************************************************
收敛，非全局最优，删除聚类，j = 10
收敛，非全局最优，删除聚类，j = 11
收敛，非全局最优，删除聚类，j = 12
收敛，非全局最优，删除聚类，j = 14
收敛至全局最优，j = 16
******************第114帧估计成功!******************
real_s = 0.0061814 | estimat_s = 0.0061997
real_sigma = 0.0010259 | estimat_sigma = 0.0010262
real_k = 18.2101 | estimat_k = 18.2512
TrueCluster = 4 | estimat_cluster = 4
Iterations = 16 | empirical_KLD = 0.02473
************************************************
此帧用时为9.8606 seconds！
************************************************
收敛，非全局最优，删除聚类，j = 15
收敛，非全局最优，删除聚类，j = 17
收敛，非全局最优，删除聚类，j = 18
收敛，非全局最优，删除聚类，j = 19
收敛至全局最优，j = 21
******************第115帧估计成功!******************
real_s = 0.0061401 | estimat_s = 0.006133
real_sigma = 0.0010242 | estimat_sigma = 0.0010277
real_k = 18.0283 | estimat_k = 17.8074
TrueCluster = 4 | estimat_cluster = 4
Iterations = 21 | empirical_KLD = 0.029523
************************************************
此帧用时为13.1385 seconds！
************************************************
拐点,7次迭代周期后启动判决，j = 5
判决冗余概率，但发现接近收敛，不删除聚类，j = 12
收敛，非全局最优，删除聚类，j = 15
收敛，非全局最优，删除聚类，j = 17
收敛，非全局最优，删除聚类，j = 19
收敛，非全局最优，删除聚类，j = 20
收敛至全局最优，j = 21
******************第116帧估计成功!******************
real_s = 0.0061177 | estimat_s = 0.006093
real_sigma = 0.001024 | estimat_sigma = 0.0010201
real_k = 17.9056 | estimat_k = 17.8382
TrueCluster = 4 | estimat_cluster = 4
Iterations = 21 | empirical_KLD = 0.029054
************************************************
此帧用时为13.1246 seconds！
************************************************
收敛，非全局最优，删除聚类，j = 12
收敛，非全局最优，删除聚类，j = 13
收敛，非全局最优，删除聚类，j = 15
收敛，非全局最优，删除聚类，j = 16
收敛至全局最优，j = 18
******************第117帧估计成功!******************
real_s = 0.0060987 | estimat_s = 0.006078
real_sigma = 0.0010088 | estimat_sigma = 0.00099505
real_k = 18.2927 | estimat_k = 18.655
TrueCluster = 4 | estimat_cluster = 4
Iterations = 18 | empirical_KLD = 0.032491
************************************************
此帧用时为10.9193 seconds！
************************************************
收敛，非全局最优，删除聚类，j = 12
收敛，非全局最优，删除聚类，j = 14
收敛，非全局最优，删除聚类，j = 15
收敛，非全局最优，删除聚类，j = 17
收敛至全局最优，j = 19
******************第118帧估计成功!******************
real_s = 0.006084 | estimat_s = 0.0060797
real_sigma = 0.001015 | estimat_sigma = 0.0010184
real_k = 17.9725 | estimat_k = 17.8207
TrueCluster = 4 | estimat_cluster = 4
Iterations = 19 | empirical_KLD = 0.033357
************************************************
此帧用时为11.8448 seconds！
************************************************
拐点,7次迭代周期后启动判决，j = 8
判决冗余概率，但发现接近收敛，不删除聚类，j = 15
收敛，非全局最优，删除聚类，j = 16
收敛，非全局最优，删除聚类，j = 18
收敛，非全局最优，删除聚类，j = 19
收敛，非全局最优，删除聚类，j = 20
收敛至全局最优，j = 23
******************第119帧估计成功!******************
real_s = 0.0061032 | estimat_s = 0.0060946
real_sigma = 0.0010185 | estimat_sigma = 0.0010186
real_k = 17.9603 | estimat_k = 17.9011
TrueCluster = 4 | estimat_cluster = 4
Iterations = 23 | empirical_KLD = 0.030048
************************************************
此帧用时为14.0377 seconds！
************************************************
收敛，非全局最优，删除聚类，j = 14
收敛，非全局最优，删除聚类，j = 15
收敛，非全局最优，删除聚类，j = 17
收敛，非全局最优，删除聚类，j = 18
收敛至全局最优，j = 20
******************第120帧估计成功!******************
real_s = 0.0061193 | estimat_s = 0.0061103
real_sigma = 0.00102 | estimat_sigma = 0.0010056
real_k = 18.0005 | estimat_k = 18.4595
TrueCluster = 4 | estimat_cluster = 4
Iterations = 20 | empirical_KLD = 0.027578
************************************************
此帧用时为12.1305 seconds！
************************************************
收敛，非全局最优，删除聚类，j = 11
收敛，非全局最优，删除聚类，j = 12
收敛，非全局最优，删除聚类，j = 14
收敛，非全局最优，删除聚类，j = 15
收敛至全局最优，j = 17
******************第121帧估计成功!******************
real_s = 0.006129 | estimat_s = 0.0061403
real_sigma = 0.0010081 | estimat_sigma = 0.0010058
real_k = 18.5101 | estimat_k = 18.636
TrueCluster = 4 | estimat_cluster = 4
Iterations = 17 | empirical_KLD = 0.029496
************************************************
此帧用时为10.4716 seconds！
************************************************
收敛，非全局最优，删除聚类，j = 13
收敛，非全局最优，删除聚类，j = 15
收敛，非全局最优，删除聚类，j = 16
收敛，非全局最优，删除聚类，j = 17
收敛至全局最优，j = 18
******************第122帧估计成功!******************
real_s = 0.0061395 | estimat_s = 0.0061253
real_sigma = 0.001004 | estimat_sigma = 0.0010117
real_k = 18.7248 | estimat_k = 18.3287
TrueCluster = 4 | estimat_cluster = 4
Iterations = 18 | empirical_KLD = 0.029695
************************************************
此帧用时为11.4605 seconds！
************************************************
拐点,7次迭代周期后启动判决，j = 7
判决冗余概率，但发现接近收敛，不删除聚类，j = 14
收敛，非全局最优，删除聚类，j = 15
收敛，非全局最优，删除聚类，j = 16
收敛，非全局最优，删除聚类，j = 18
收敛，非全局最优，删除聚类，j = 19
收敛至全局最优，j = 21
******************第123帧估计成功!******************
real_s = 0.0061497 | estimat_s = 0.0061296
real_sigma = 0.00099957 | estimat_sigma = 0.0010035
real_k = 18.948 | estimat_k = 18.6569
TrueCluster = 4 | estimat_cluster = 4
Iterations = 21 | empirical_KLD = 0.035144
************************************************
此帧用时为12.9673 seconds！
************************************************
收敛，非全局最优，删除聚类，j = 13
收敛，非全局最优，删除聚类，j = 14
收敛，非全局最优，删除聚类，j = 16
收敛，非全局最优，删除聚类，j = 17
收敛至全局最优，j = 18
******************第124帧估计成功!******************
real_s = 0.0061636 | estimat_s = 0.0061757
real_sigma = 0.00099664 | estimat_sigma = 0.00099625
real_k = 19.1478 | estimat_k = 19.2133
TrueCluster = 4 | estimat_cluster = 4
Iterations = 18 | empirical_KLD = 0.038559
************************************************
此帧用时为11.169 seconds！
************************************************
拐点,7次迭代周期后启动判决，j = 5
判决冗余概率，删除聚类，j = 12
收敛，非全局最优，删除聚类，j = 22
收敛，非全局最优，删除聚类，j = 23
收敛，非全局最优，删除聚类，j = 24
收敛至全局最优，j = 26
******************第125帧估计成功!******************
real_s = 0.0061594 | estimat_s = 0.0061537
real_sigma = 0.00099692 | estimat_sigma = 0.00098878
real_k = 19.1139 | estimat_k = 19.3665
TrueCluster = 4 | estimat_cluster = 4
Iterations = 26 | empirical_KLD = 0.030001
************************************************
此帧用时为15.5727 seconds！
************************************************
拐点,7次迭代周期后启动判决，j = 6
判决冗余概率，但发现接近收敛，不删除聚类，j = 13
收敛，非全局最优，删除聚类，j = 14
收敛，非全局最优，删除聚类，j = 15
收敛，非全局最优，删除聚类，j = 16
收敛，非全局最优，删除聚类，j = 17
收敛至全局最优，j = 19
******************第126帧估计成功!******************
real_s = 0.0061517 | estimat_s = 0.0061365
real_sigma = 0.00099403 | estimat_sigma = 0.00099685
real_k = 19.1852 | estimat_k = 18.9478
TrueCluster = 4 | estimat_cluster = 4
Iterations = 19 | empirical_KLD = 0.032997
************************************************
此帧用时为11.5868 seconds！
************************************************
拐点,7次迭代周期后启动判决，j = 10
判决冗余概率，但发现接近收敛，不删除聚类，j = 17
收敛，非全局最优，删除聚类，j = 18
收敛，非全局最优，删除聚类，j = 19
收敛，非全局最优，删除聚类，j = 20
收敛，非全局最优，删除聚类，j = 21
收敛至全局最优，j = 23
******************第127帧估计成功!******************
real_s = 0.006145 | estimat_s = 0.0061585
real_sigma = 0.00099725 | estimat_sigma = 0.0010046
real_k = 19.024 | estimat_k = 18.7896
TrueCluster = 4 | estimat_cluster = 4
Iterations = 23 | empirical_KLD = 0.03227
************************************************
此帧用时为14.111 seconds！
************************************************
拐点,7次迭代周期后启动判决，j = 4
判决冗余概率，但发现接近收敛，不删除聚类，j = 11
收敛，非全局最优，删除聚类，j = 16
收敛，非全局最优，删除聚类，j = 18
收敛，非全局最优，删除聚类，j = 20
收敛，非全局最优，删除聚类，j = 21
收敛至全局最优，j = 23
******************第128帧估计成功!******************
real_s = 0.0061425 | estimat_s = 0.0061577
real_sigma = 0.0010037 | estimat_sigma = 0.0010057
real_k = 18.7782 | estimat_k = 18.746
TrueCluster = 4 | estimat_cluster = 4
Iterations = 23 | empirical_KLD = 0.034991
************************************************
此帧用时为13.9902 seconds！
************************************************
收敛，非全局最优，删除聚类，j = 14
收敛，非全局最优，删除聚类，j = 15
收敛，非全局最优，删除聚类，j = 17
收敛，非全局最优，删除聚类，j = 18
收敛至全局最优，j = 20
******************第129帧估计成功!******************
real_s = 0.0061198 | estimat_s = 0.0061121
real_sigma = 0.0010113 | estimat_sigma = 0.0010127
real_k = 18.3589 | estimat_k = 18.2115
TrueCluster = 4 | estimat_cluster = 4
Iterations = 20 | empirical_KLD = 0.039056
************************************************
此帧用时为12.3398 seconds！
************************************************
收敛，非全局最优，删除聚类，j = 15
收敛，非全局最优，删除聚类，j = 16
收敛，非全局最优，删除聚类，j = 17
收敛，非全局最优，删除聚类，j = 18
收敛至全局最优，j = 20
******************第130帧估计成功!******************
real_s = 0.0061312 | estimat_s = 0.006119
real_sigma = 0.0010059 | estimat_sigma = 0.00099929
real_k = 18.6204 | estimat_k = 18.748
TrueCluster = 4 | estimat_cluster = 4
Iterations = 20 | empirical_KLD = 0.035293
************************************************
此帧用时为12.3901 seconds！
************************************************
收敛，非全局最优，删除聚类，j = 14
收敛，非全局最优，删除聚类，j = 16
收敛，非全局最优，删除聚类，j = 18
收敛，非全局最优，删除聚类，j = 19
收敛至全局最优，j = 21
******************第131帧估计成功!******************
real_s = 0.0061514 | estimat_s = 0.0061586
real_sigma = 0.0010171 | estimat_sigma = 0.0010133
real_k = 18.2987 | estimat_k = 18.469
TrueCluster = 4 | estimat_cluster = 4
Iterations = 21 | empirical_KLD = 0.031165
************************************************
此帧用时为12.4577 seconds！
************************************************
拐点,7次迭代周期后启动判决，j = 9
判决冗余概率，但发现接近收敛，不删除聚类，j = 16
收敛，非全局最优，删除聚类，j = 17
收敛，非全局最优，删除聚类，j = 18
收敛，非全局最优，删除聚类，j = 20
收敛，非全局最优，删除聚类，j = 21
收敛至全局最优，j = 23
******************第132帧估计成功!******************
real_s = 0.006165 | estimat_s = 0.0061674
real_sigma = 0.0010181 | estimat_sigma = 0.0010202
real_k = 18.3441 | estimat_k = 18.2712
TrueCluster = 4 | estimat_cluster = 4
Iterations = 23 | empirical_KLD = 0.032251
************************************************
此帧用时为14.2499 seconds！
************************************************
收敛，非全局最优，删除聚类，j = 13
收敛，非全局最优，删除聚类，j = 15
收敛，非全局最优，删除聚类，j = 16
收敛，非全局最优，删除聚类，j = 17
收敛至全局最优，j = 19
******************第133帧估计成功!******************
real_s = 0.0061729 | estimat_s = 0.0061692
real_sigma = 0.00101 | estimat_sigma = 0.0010101
real_k = 18.6857 | estimat_k = 18.6495
TrueCluster = 4 | estimat_cluster = 4
Iterations = 19 | empirical_KLD = 0.037516
************************************************
此帧用时为11.6433 seconds！
************************************************
收敛，非全局最优，删除聚类，j = 9
收敛，非全局最优，删除聚类，j = 11
收敛，非全局最优，删除聚类，j = 12
收敛，非全局最优，删除聚类，j = 13
收敛至全局最优，j = 15
******************第134帧估计成功!******************
real_s = 0.0061868 | estimat_s = 0.0061871
real_sigma = 0.0010145 | estimat_sigma = 0.00101
real_k = 18.6132 | estimat_k = 18.7616
TrueCluster = 4 | estimat_cluster = 4
Iterations = 15 | empirical_KLD = 0.037912
************************************************
此帧用时为9.3407 seconds！
************************************************
拐点,7次迭代周期后启动判决，j = 6
判决冗余概率，但发现接近收敛，不删除聚类，j = 13
收敛，非全局最优，删除聚类，j = 19
收敛，非全局最优，删除聚类，j = 21
收敛，非全局最优，删除聚类，j = 22
收敛，非全局最优，删除聚类，j = 23
收敛至全局最优，j = 25
******************第135帧估计成功!******************
real_s = 0.0061992 | estimat_s = 0.0062075
real_sigma = 0.0010098 | estimat_sigma = 0.0010076
real_k = 18.88 | estimat_k = 18.9777
TrueCluster = 4 | estimat_cluster = 4
Iterations = 25 | empirical_KLD = 0.034286
************************************************
此帧用时为15.5854 seconds！
************************************************
拐点,7次迭代周期后启动判决，j = 5
判决冗余概率，但发现接近收敛，不删除聚类，j = 12
收敛，非全局最优，删除聚类，j = 15
收敛，非全局最优，删除聚类，j = 20
收敛，非全局最优，删除聚类，j = 22
收敛，非全局最优，删除聚类，j = 23
收敛至全局最优，j = 25
******************第136帧估计成功!******************
real_s = 0.0062142 | estimat_s = 0.0062259
real_sigma = 0.0010081 | estimat_sigma = 0.0010054
real_k = 19.0358 | estimat_k = 19.173
TrueCluster = 4 | estimat_cluster = 4
Iterations = 25 | empirical_KLD = 0.037154
************************************************
此帧用时为15.3922 seconds！
************************************************
收敛，非全局最优，删除聚类，j = 13
收敛，非全局最优，删除聚类，j = 15
收敛，非全局最优，删除聚类，j = 17
收敛，非全局最优，删除聚类，j = 18
收敛至全局最优，j = 20
******************第137帧估计成功!******************
real_s = 0.0062251 | estimat_s = 0.0062566
real_sigma = 0.0010096 | estimat_sigma = 0.0010102
real_k = 19.0465 | estimat_k = 19.1772
TrueCluster = 4 | estimat_cluster = 4
Iterations = 20 | empirical_KLD = 0.031697
************************************************
此帧用时为12.2242 seconds！
************************************************
拐点,7次迭代周期后启动判决，j = 9
判决冗余概率，但发现接近收敛，不删除聚类，j = 16
收敛，非全局最优，删除聚类，j = 20
收敛，非全局最优，删除聚类，j = 22
收敛，非全局最优，删除聚类，j = 24
收敛，非全局最优，删除聚类，j = 26
收敛至全局最优，j = 28
******************第138帧估计成功!******************
real_s = 0.0062362 | estimat_s = 0.0062453
real_sigma = 0.0010054 | estimat_sigma = 0.0010005
real_k = 19.2904 | estimat_k = 19.484
TrueCluster = 4 | estimat_cluster = 4
Iterations = 28 | empirical_KLD = 0.031038
************************************************
此帧用时为17.0991 seconds！
************************************************
拐点,7次迭代周期后启动判决，j = 10
判决冗余概率，但发现接近收敛，不删除聚类，j = 17
收敛，非全局最优，删除聚类，j = 18
收敛，非全局最优，删除聚类，j = 19
收敛，非全局最优，删除聚类，j = 20
收敛，非全局最优，删除聚类，j = 21
收敛至全局最优，j = 23
******************第139帧估计成功!******************
real_s = 0.0062479 | estimat_s = 0.0062431
real_sigma = 0.00099969 | estimat_sigma = 0.001002
real_k = 19.5558 | estimat_k = 19.4123
TrueCluster = 4 | estimat_cluster = 4
Iterations = 23 | empirical_KLD = 0.036015
************************************************
此帧用时为14.3577 seconds！
************************************************
收敛，非全局最优，删除聚类，j = 11
收敛，非全局最优，删除聚类，j = 13
收敛，非全局最优，删除聚类，j = 14
收敛，非全局最优，删除聚类，j = 15
收敛至全局最优，j = 17
******************第140帧估计成功!******************
real_s = 0.006259 | estimat_s = 0.0062531
real_sigma = 0.0010008 | estimat_sigma = 0.00099988
real_k = 19.5822 | estimat_k = 19.5556
TrueCluster = 4 | estimat_cluster = 4
Iterations = 17 | empirical_KLD = 0.031486
************************************************
此帧用时为10.6773 seconds！
************************************************
拐点,7次迭代周期后启动判决，j = 7
判决冗余概率，删除聚类，j = 14
收敛，非全局最优，删除聚类，j = 26
收敛，非全局最优，删除聚类，j = 28
收敛，非全局最优，删除聚类，j = 29
收敛至全局最优，j = 30
******************第141帧估计成功!******************
real_s = 0.0062465 | estimat_s = 0.0062419
real_sigma = 0.0010017 | estimat_sigma = 0.001005
real_k = 19.4684 | estimat_k = 19.2876
TrueCluster = 4 | estimat_cluster = 4
Iterations = 30 | empirical_KLD = 0.036193
************************************************
此帧用时为18.3078 seconds！
************************************************
收敛，非全局最优，删除聚类，j = 12
收敛，非全局最优，删除聚类，j = 14
收敛，非全局最优，删除聚类，j = 15
收敛，非全局最优，删除聚类，j = 16
收敛至全局最优，j = 18
******************第142帧估计成功!******************
real_s = 0.0062664 | estimat_s = 0.0062731
real_sigma = 0.00098967 | estimat_sigma = 0.00098338
real_k = 20.0826 | estimat_k = 20.3464
TrueCluster = 4 | estimat_cluster = 4
Iterations = 18 | empirical_KLD = 0.035574
************************************************
此帧用时为11.5297 seconds！
************************************************
拐点,7次迭代周期后启动判决，j = 5
判决冗余概率，但发现接近收敛，不删除聚类，j = 12
收敛，非全局最优，删除聚类，j = 13
收敛，非全局最优，删除聚类，j = 14
收敛，非全局最优，删除聚类，j = 16
收敛，非全局最优，删除聚类，j = 17
收敛至全局最优，j = 19
******************第143帧估计成功!******************
real_s = 0.0062573 | estimat_s = 0.0062661
real_sigma = 0.00098104 | estimat_sigma = 0.00097604
real_k = 20.408 | estimat_k = 20.6078
TrueCluster = 4 | estimat_cluster = 4
Iterations = 19 | empirical_KLD = 0.036745
************************************************
此帧用时为11.6737 seconds！
************************************************
收敛，非全局最优，删除聚类，j = 10
收敛，非全局最优，删除聚类，j = 14
收敛，非全局最优，删除聚类，j = 16
收敛，非全局最优，删除聚类，j = 18
收敛至全局最优，j = 20
******************第144帧估计成功!******************
real_s = 0.0062515 | estimat_s = 0.0062476
real_sigma = 0.00097577 | estimat_sigma = 0.00098101
real_k = 20.5721 | estimat_k = 20.2797
TrueCluster = 4 | estimat_cluster = 4
Iterations = 20 | empirical_KLD = 0.036571
************************************************
此帧用时为12.4306 seconds！
************************************************
收敛，非全局最优，删除聚类，j = 11
收敛，非全局最优，删除聚类，j = 13
收敛，非全局最优，删除聚类，j = 15
收敛，非全局最优，删除聚类，j = 16
收敛至全局最优，j = 18
******************第145帧估计成功!******************
real_s = 0.0062296 | estimat_s = 0.0062312
real_sigma = 0.0009812 | estimat_sigma = 0.00098046
real_k = 20.2225 | estimat_k = 20.1951
TrueCluster = 4 | estimat_cluster = 4
Iterations = 18 | empirical_KLD = 0.037381
************************************************
此帧用时为11.3193 seconds！
************************************************
拐点,7次迭代周期后启动判决，j = 6
判决冗余概率，删除聚类，j = 13
收敛，非全局最优，删除聚类，j = 17
收敛，非全局最优，删除聚类，j = 19
收敛，非全局最优，删除聚类，j = 21
收敛至全局最优，j = 23
******************第146帧估计成功!******************
real_s = 0.0062185 | estimat_s = 0.0062234
real_sigma = 0.00098227 | estimat_sigma = 0.00098031
real_k = 20.1151 | estimat_k = 20.1512
TrueCluster = 4 | estimat_cluster = 4
Iterations = 23 | empirical_KLD = 0.03903
************************************************
此帧用时为14.328 seconds！
************************************************
拐点,7次迭代周期后启动判决，j = 6
判决冗余概率，但发现接近收敛，不删除聚类，j = 13
收敛，非全局最优，删除聚类，j = 17
收敛，非全局最优，删除聚类，j = 19
收敛，非全局最优，删除聚类，j = 21
收敛，非全局最优，删除聚类，j = 22
收敛至全局最优，j = 23
******************第147帧估计成功!******************
real_s = 0.0061933 | estimat_s = 0.006185
real_sigma = 0.00099135 | estimat_sigma = 0.00098533
real_k = 19.5787 | estimat_k = 19.7013
TrueCluster = 4 | estimat_cluster = 4
Iterations = 23 | empirical_KLD = 0.033451
************************************************
此帧用时为14.6063 seconds！
************************************************
收敛，非全局最优，删除聚类，j = 16
收敛，非全局最优，删除聚类，j = 17
收敛，非全局最优，删除聚类，j = 18
收敛，非全局最优，删除聚类，j = 19
收敛至全局最优，j = 21
******************第148帧估计成功!******************
real_s = 0.0061946 | estimat_s = 0.0061876
real_sigma = 0.0010023 | estimat_sigma = 0.0010067
real_k = 19.1072 | estimat_k = 18.8883
TrueCluster = 4 | estimat_cluster = 4
Iterations = 21 | empirical_KLD = 0.030553
************************************************
此帧用时为13.099 seconds！
************************************************
收敛，非全局最优，删除聚类，j = 14
收敛，非全局最优，删除聚类，j = 16
收敛，非全局最优，删除聚类，j = 17
收敛，非全局最优，删除聚类，j = 18
收敛至全局最优，j = 20
******************第149帧估计成功!******************
real_s = 0.0062144 | estimat_s = 0.0062212
real_sigma = 0.0010053 | estimat_sigma = 0.0010008
real_k = 19.1151 | estimat_k = 19.3227
TrueCluster = 4 | estimat_cluster = 4
Iterations = 20 | empirical_KLD = 0.036401
************************************************
此帧用时为12.4249 seconds！
************************************************
收敛，非全局最优，删除聚类，j = 16
收敛，非全局最优，删除聚类，j = 18
收敛，非全局最优，删除聚类，j = 20
收敛，非全局最优，删除聚类，j = 21
收敛至全局最优，j = 23
******************第150帧估计成功!******************
real_s = 0.0062312 | estimat_s = 0.0062483
real_sigma = 0.00099933 | estimat_sigma = 0.00099366
real_k = 19.4522 | estimat_k = 19.7708
TrueCluster = 4 | estimat_cluster = 4
Iterations = 23 | empirical_KLD = 0.034025
************************************************
此帧用时为14.2378 seconds！
************************************************
收敛，非全局最优，删除聚类，j = 12
收敛，非全局最优，删除聚类，j = 14
收敛，非全局最优，删除聚类，j = 15
收敛，非全局最优，删除聚类，j = 16
收敛至全局最优，j = 18
******************第151帧估计成功!******************
real_s = 0.0062441 | estimat_s = 0.0062401
real_sigma = 0.00099638 | estimat_sigma = 0.00099969
real_k = 19.6435 | estimat_k = 19.4816
TrueCluster = 4 | estimat_cluster = 4
Iterations = 18 | empirical_KLD = 0.035321
************************************************
此帧用时为11.4373 seconds！
************************************************
收敛，非全局最优，删除聚类，j = 13
收敛，非全局最优，删除聚类，j = 15
收敛，非全局最优，删除聚类，j = 16
收敛，非全局最优，删除聚类，j = 17
收敛至全局最优，j = 19
******************第152帧估计成功!******************
real_s = 0.0062367 | estimat_s = 0.0062411
real_sigma = 0.0010019 | estimat_sigma = 0.00099757
real_k = 19.4019 | estimat_k = 19.5707
TrueCluster = 4 | estimat_cluster = 4
Iterations = 19 | empirical_KLD = 0.032516
************************************************
此帧用时为11.707 seconds！
************************************************
拐点,7次迭代周期后启动判决，j = 7
判决冗余概率，但发现接近收敛，不删除聚类，j = 14
收敛，非全局最优，删除聚类，j = 15
收敛，非全局最优，删除聚类，j = 17
收敛，非全局最优，删除聚类，j = 18
收敛，非全局最优，删除聚类，j = 19
收敛至全局最优，j = 21
******************第153帧估计成功!******************
real_s = 0.0062257 | estimat_s = 0.0062411
real_sigma = 0.0010048 | estimat_sigma = 0.00099737
real_k = 19.2197 | estimat_k = 19.5781
TrueCluster = 4 | estimat_cluster = 4
Iterations = 21 | empirical_KLD = 0.032484
************************************************
此帧用时为13.6182 seconds！
************************************************
收敛，非全局最优，删除聚类，j = 18
收敛，非全局最优，删除聚类，j = 20
收敛，非全局最优，删除聚类，j = 22
收敛，非全局最优，删除聚类，j = 23
收敛至全局最优，j = 25
******************第154帧估计成功!******************
real_s = 0.0061927 | estimat_s = 0.0061846
real_sigma = 0.0010147 | estimat_sigma = 0.0010195
real_k = 18.6809 | estimat_k = 18.4015
TrueCluster = 4 | estimat_cluster = 4
Iterations = 25 | empirical_KLD = 0.027314
************************************************
此帧用时为15.7932 seconds！
************************************************
收敛，非全局最优，删除聚类，j = 14
收敛，非全局最优，删除聚类，j = 15
收敛，非全局最优，删除聚类，j = 17
收敛，非全局最优，删除聚类，j = 19
收敛至全局最优，j = 21
******************第155帧估计成功!******************
real_s = 0.006159 | estimat_s = 0.0061547
real_sigma = 0.0010177 | estimat_sigma = 0.0010156
real_k = 18.3486 | estimat_k = 18.3613
TrueCluster = 4 | estimat_cluster = 4
Iterations = 21 | empirical_KLD = 0.033803
************************************************
此帧用时为12.9929 seconds！
************************************************
拐点,7次迭代周期后启动判决，j = 5
判决冗余概率，但发现接近收敛，不删除聚类，j = 12
收敛，非全局最优，删除聚类，j = 13
收敛，非全局最优，删除聚类，j = 15
收敛，非全局最优，删除聚类，j = 16
收敛，非全局最优，删除聚类，j = 17
收敛至全局最优，j = 19
******************第156帧估计成功!******************
real_s = 0.0061368 | estimat_s = 0.006129
real_sigma = 0.0010162 | estimat_sigma = 0.0010165
real_k = 18.2686 | estimat_k = 18.1783
TrueCluster = 4 | estimat_cluster = 4
Iterations = 19 | empirical_KLD = 0.030952
************************************************
此帧用时为11.9799 seconds！
************************************************
拐点,7次迭代周期后启动判决，j = 6
判决冗余概率，但发现接近收敛，不删除聚类，j = 13
收敛，非全局最优，删除聚类，j = 14
收敛，非全局最优，删除聚类，j = 16
收敛，非全局最优，删除聚类，j = 17
收敛，非全局最优，删除聚类，j = 18
收敛至全局最优，j = 20
******************第157帧估计成功!******************
real_s = 0.0061026 | estimat_s = 0.0060996
real_sigma = 0.0010088 | estimat_sigma = 0.0010186
real_k = 18.3258 | estimat_k = 17.9289
TrueCluster = 4 | estimat_cluster = 4
Iterations = 20 | empirical_KLD = 0.027599
************************************************
此帧用时为12.3632 seconds！
************************************************
拐点,7次迭代周期后启动判决，j = 6
判决冗余概率，但发现接近收敛，不删除聚类，j = 13
收敛，非全局最优，删除聚类，j = 17
收敛，非全局最优，删除聚类，j = 19
收敛，非全局最优，删除聚类，j = 20
收敛，非全局最优，删除聚类，j = 21
收敛至全局最优，j = 23
******************第158帧估计成功!******************
real_s = 0.0060878 | estimat_s = 0.006094
real_sigma = 0.0010113 | estimat_sigma = 0.001011
real_k = 18.1454 | estimat_k = 18.1678
TrueCluster = 4 | estimat_cluster = 4
Iterations = 23 | empirical_KLD = 0.025718
************************************************
此帧用时为14.1661 seconds！
************************************************
收敛，非全局最优，删除聚类，j = 14
收敛，非全局最优，删除聚类，j = 15
收敛，非全局最优，删除聚类，j = 16
收敛，非全局最优，删除聚类，j = 17
收敛至全局最优，j = 19
******************第159帧估计成功!******************
real_s = 0.0060676 | estimat_s = 0.0060704
real_sigma = 0.00099551 | estimat_sigma = 0.0010002
real_k = 18.5819 | estimat_k = 18.4191
TrueCluster = 4 | estimat_cluster = 4
Iterations = 19 | empirical_KLD = 0.030356
************************************************
此帧用时为12.0633 seconds！
************************************************
拐点,7次迭代周期后启动判决，j = 10
判决冗余概率，但发现接近收敛，不删除聚类，j = 17
收敛，非全局最优，删除聚类，j = 20
收敛，非全局最优，删除聚类，j = 22
收敛，非全局最优，删除聚类，j = 23
收敛，非全局最优，删除聚类，j = 24
收敛至全局最优，j = 26
******************第160帧估计成功!******************
real_s = 0.0060699 | estimat_s = 0.0060689
real_sigma = 0.0010055 | estimat_sigma = 0.0010003
real_k = 18.246 | estimat_k = 18.4044
TrueCluster = 4 | estimat_cluster = 4
Iterations = 26 | empirical_KLD = 0.03297
************************************************
此帧用时为16.041 seconds！
************************************************
拐点,7次迭代周期后启动判决，j = 11
判决冗余概率，但发现接近收敛，不删除聚类，j = 18
收敛，非全局最优，删除聚类，j = 19
收敛，非全局最优，删除聚类，j = 20
收敛，非全局最优，删除聚类，j = 21
收敛，非全局最优，删除聚类，j = 22
收敛至全局最优，j = 24
******************第161帧估计成功!******************
real_s = 0.0060669 | estimat_s = 0.0060554
real_sigma = 0.001009 | estimat_sigma = 0.0010059
real_k = 18.0957 | estimat_k = 18.1192
TrueCluster = 4 | estimat_cluster = 4
Iterations = 24 | empirical_KLD = 0.030064
************************************************
此帧用时为14.7139 seconds！
************************************************
拐点,7次迭代周期后启动判决，j = 9
判决冗余概率，删除聚类，j = 16
收敛，非全局最优，删除聚类，j = 19
收敛，非全局最优，删除聚类，j = 21
收敛，非全局最优，删除聚类，j = 22
收敛至全局最优，j = 24
******************第162帧估计成功!******************
real_s = 0.0061015 | estimat_s = 0.0061076
real_sigma = 0.0010023 | estimat_sigma = 0.0010051
real_k = 18.5748 | estimat_k = 18.4637
TrueCluster = 4 | estimat_cluster = 4
Iterations = 24 | empirical_KLD = 0.030673
************************************************
此帧用时为14.7173 seconds！
************************************************
拐点,7次迭代周期后启动判决，j = 6
判决冗余概率，但发现接近收敛，不删除聚类，j = 13
收敛，非全局最优，删除聚类，j = 15
收敛，非全局最优，删除聚类，j = 16
收敛，非全局最优，删除聚类，j = 17
收敛，非全局最优，删除聚类，j = 19
收敛至全局最优，j = 21
******************第163帧估计成功!******************
real_s = 0.00611 | estimat_s = 0.0061148
real_sigma = 0.00099568 | estimat_sigma = 0.00099921
real_k = 18.8787 | estimat_k = 18.725
TrueCluster = 4 | estimat_cluster = 4
Iterations = 21 | empirical_KLD = 0.031071
************************************************
此帧用时为13.0452 seconds！
************************************************
拐点,7次迭代周期后启动判决，j = 6
判决冗余概率，但发现接近收敛，不删除聚类，j = 13
收敛，非全局最优，删除聚类，j = 14
收敛，非全局最优，删除聚类，j = 15
收敛，非全局最优，删除聚类，j = 16
收敛，非全局最优，删除聚类，j = 17
收敛至全局最优，j = 19
******************第164帧估计成功!******************
real_s = 0.0061304 | estimat_s = 0.0061228
real_sigma = 0.0010008 | estimat_sigma = 0.0010071
real_k = 18.8106 | estimat_k = 18.4821
TrueCluster = 4 | estimat_cluster = 4
Iterations = 19 | empirical_KLD = 0.031408
************************************************
此帧用时为12.1378 seconds！
************************************************
拐点,7次迭代周期后启动判决，j = 7
判决冗余概率，但发现接近收敛，不删除聚类，j = 14
收敛，非全局最优，删除聚类，j = 16
收敛，非全局最优，删除聚类，j = 18
收敛，非全局最优，删除聚类，j = 19
收敛，非全局最优，删除聚类，j = 20
收敛至全局最优，j = 21
******************第165帧估计成功!******************
real_s = 0.0061138 | estimat_s = 0.0061174
real_sigma = 0.00098265 | estimat_sigma = 0.00097376
real_k = 19.377 | estimat_k = 19.7334
TrueCluster = 4 | estimat_cluster = 4
Iterations = 21 | empirical_KLD = 0.033724
************************************************
此帧用时为13.2776 seconds！
************************************************
收敛，非全局最优，删除聚类，j = 16
收敛，非全局最优，删除聚类，j = 18
收敛，非全局最优，删除聚类，j = 19
收敛，非全局最优，删除聚类，j = 21
收敛至全局最优，j = 23
******************第166帧估计成功!******************
real_s = 0.0061017 | estimat_s = 0.0061007
real_sigma = 0.00098079 | estimat_sigma = 0.00096825
real_k = 19.3716 | estimat_k = 19.8497
TrueCluster = 4 | estimat_cluster = 4
Iterations = 23 | empirical_KLD = 0.036299
************************************************
此帧用时为14.1915 seconds！
************************************************
拐点,7次迭代周期后启动判决，j = 4
判决冗余概率，但发现接近收敛，不删除聚类，j = 11
收敛，非全局最优，删除聚类，j = 16
收敛，非全局最优，删除聚类，j = 17
收敛，非全局最优，删除聚类，j = 18
收敛，非全局最优，删除聚类，j = 19
收敛至全局最优，j = 21
******************第167帧估计成功!******************
real_s = 0.0060672 | estimat_s = 0.0060551
real_sigma = 0.00099188 | estimat_sigma = 0.00098719
real_k = 18.7391 | estimat_k = 18.8113
TrueCluster = 4 | estimat_cluster = 4
Iterations = 21 | empirical_KLD = 0.034518
************************************************
此帧用时为13.2348 seconds！
************************************************
收敛，非全局最优，删除聚类，j = 10
收敛，非全局最优，删除聚类，j = 12
收敛，非全局最优，删除聚类，j = 13
收敛，非全局最优，删除聚类，j = 14
收敛至全局最优，j = 16
******************第168帧估计成功!******************
real_s = 0.0060411 | estimat_s = 0.0060313
real_sigma = 0.00099084 | estimat_sigma = 0.00099268
real_k = 18.6142 | estimat_k = 18.4577
TrueCluster = 4 | estimat_cluster = 4
Iterations = 16 | empirical_KLD = 0.032582
************************************************
此帧用时为10.2546 seconds！
************************************************
收敛，非全局最优，删除聚类，j = 13
收敛，非全局最优，删除聚类，j = 15
收敛，非全局最优，删除聚类，j = 16
收敛，非全局最优，删除聚类，j = 17
收敛至全局最优，j = 19
******************第169帧估计成功!******************
real_s = 0.0059937 | estimat_s = 0.0059889
real_sigma = 0.00098727 | estimat_sigma = 0.00098212
real_k = 18.4571 | estimat_k = 18.5927
TrueCluster = 4 | estimat_cluster = 4
Iterations = 19 | empirical_KLD = 0.032635
************************************************
此帧用时为12.1689 seconds！
************************************************
收敛，非全局最优，删除聚类，j = 14
收敛，非全局最优，删除聚类，j = 16
收敛，非全局最优，删除聚类，j = 17
收敛，非全局最优，删除聚类，j = 18
收敛至全局最优，j = 20
******************第170帧估计成功!******************
real_s = 0.0059886 | estimat_s = 0.0059871
real_sigma = 0.00099382 | estimat_sigma = 0.00099754
real_k = 18.1673 | estimat_k = 18.0111
TrueCluster = 4 | estimat_cluster = 4
Iterations = 20 | empirical_KLD = 0.036047
************************************************
此帧用时为12.6423 seconds！
************************************************
拐点,7次迭代周期后启动判决，j = 9
判决冗余概率，但发现接近收敛，不删除聚类，j = 16
收敛，非全局最优，删除聚类，j = 17
收敛，非全局最优，删除聚类，j = 19
收敛，非全局最优，删除聚类，j = 20
收敛，非全局最优，删除聚类，j = 21
收敛至全局最优，j = 23
******************第171帧估计成功!******************
real_s = 0.0059832 | estimat_s = 0.0059761
real_sigma = 0.0010003 | estimat_sigma = 0.00099347
real_k = 17.9097 | estimat_k = 18.0922
TrueCluster = 4 | estimat_cluster = 4
Iterations = 23 | empirical_KLD = 0.033411
************************************************
此帧用时为14.8589 seconds！
************************************************
收敛，非全局最优，删除聚类，j = 12
收敛，非全局最优，删除聚类，j = 13
收敛，非全局最优，删除聚类，j = 14
收敛，非全局最优，删除聚类，j = 15
收敛至全局最优，j = 17
******************第172帧估计成功!******************
real_s = 0.0060035 | estimat_s = 0.0059814
real_sigma = 0.00099411 | estimat_sigma = 0.00099767
real_k = 18.2535 | estimat_k = 17.9721
TrueCluster = 4 | estimat_cluster = 4
Iterations = 17 | empirical_KLD = 0.030983
************************************************
此帧用时为10.5919 seconds！
************************************************
收敛，非全局最优，删除聚类，j = 13
收敛，非全局最优，删除聚类，j = 15
收敛，非全局最优，删除聚类，j = 17
收敛，非全局最优，删除聚类，j = 18
收敛至全局最优，j = 20
******************第173帧估计成功!******************
real_s = 0.0060125 | estimat_s = 0.0059899
real_sigma = 0.0010019 | estimat_sigma = 0.0010015
real_k = 18.0194 | estimat_k = 17.8875
TrueCluster = 4 | estimat_cluster = 4
Iterations = 20 | empirical_KLD = 0.030267
************************************************
此帧用时为13.0036 seconds！
************************************************
收敛，非全局最优，删除聚类，j = 13
收敛，非全局最优，删除聚类，j = 15
收敛，非全局最优，删除聚类，j = 16
收敛，非全局最优，删除聚类，j = 17
收敛至全局最优，j = 19
******************第174帧估计成功!******************
real_s = 0.006053 | estimat_s = 0.0060634
real_sigma = 0.00099969 | estimat_sigma = 0.0010015
real_k = 18.3571 | estimat_k = 18.3282
TrueCluster = 4 | estimat_cluster = 4
Iterations = 19 | empirical_KLD = 0.030084
************************************************
此帧用时为12.3196 seconds！
************************************************
拐点,7次迭代周期后启动判决，j = 5
判决冗余概率，但发现接近收敛，不删除聚类，j = 12
收敛，非全局最优，删除聚类，j = 14
收敛，非全局最优，删除聚类，j = 15
收敛，非全局最优，删除聚类，j = 16
收敛，非全局最优，删除聚类，j = 17
收敛至全局最优，j = 19
******************第175帧估计成功!******************
real_s = 0.0060471 | estimat_s = 0.0060321
real_sigma = 0.0010053 | estimat_sigma = 0.0010005
real_k = 18.1227 | estimat_k = 18.1753
TrueCluster = 4 | estimat_cluster = 4
Iterations = 19 | empirical_KLD = 0.031207
************************************************
此帧用时为11.9325 seconds！
************************************************
拐点,7次迭代周期后启动判决，j = 11
判决冗余概率，删除聚类，j = 18
收敛，非全局最优，删除聚类，j = 20
收敛，非全局最优，删除聚类，j = 21
收敛，非全局最优，删除聚类，j = 22
收敛至全局最优，j = 24
******************第176帧估计成功!******************
real_s = 0.006033 | estimat_s = 0.006027
real_sigma = 0.0010003 | estimat_sigma = 0.00099629
real_k = 18.2112 | estimat_k = 18.2975
TrueCluster = 4 | estimat_cluster = 4
Iterations = 24 | empirical_KLD = 0.034172
************************************************
此帧用时为15.7026 seconds！
************************************************
拐点,7次迭代周期后启动判决，j = 5
判决冗余概率，但发现接近收敛，不删除聚类，j = 12
收敛，非全局最优，删除聚类，j = 13
收敛，非全局最优，删除聚类，j = 14
收敛，非全局最优，删除聚类，j = 15
收敛，非全局最优，删除聚类，j = 16
收敛至全局最优，j = 18
******************第177帧估计成功!******************
real_s = 0.0060235 | estimat_s = 0.0060276
real_sigma = 0.0010012 | estimat_sigma = 0.0010107
real_k = 18.1187 | estimat_k = 17.7823
TrueCluster = 4 | estimat_cluster = 4
Iterations = 18 | empirical_KLD = 0.027928
************************************************
此帧用时为11.3752 seconds！
************************************************
收敛，非全局最优，删除聚类，j = 15
收敛，非全局最优，删除聚类，j = 17
收敛，非全局最优，删除聚类，j = 18
收敛，非全局最优，删除聚类，j = 19
收敛至全局最优，j = 20
******************第178帧估计成功!******************
real_s = 0.0060191 | estimat_s = 0.0060176
real_sigma = 0.0010042 | estimat_sigma = 0.0010054
real_k = 17.9891 | estimat_k = 17.9123
TrueCluster = 4 | estimat_cluster = 4
Iterations = 20 | empirical_KLD = 0.034258
************************************************
此帧用时为12.8995 seconds！
************************************************
拐点,7次迭代周期后启动判决，j = 9
判决冗余概率，但发现接近收敛，不删除聚类，j = 16
收敛，非全局最优，删除聚类，j = 17
收敛，非全局最优，删除聚类，j = 19
收敛，非全局最优，删除聚类，j = 20
收敛，非全局最优，删除聚类，j = 21
收敛至全局最优，j = 23
******************第179帧估计成功!******************
real_s = 0.0059809 | estimat_s = 0.0059947
real_sigma = 0.0010141 | estimat_sigma = 0.0010198
real_k = 17.4044 | estimat_k = 17.2771
TrueCluster = 4 | estimat_cluster = 4
Iterations = 23 | empirical_KLD = 0.02964
************************************************
此帧用时为14.6828 seconds！
************************************************
收敛，非全局最优，删除聚类，j = 14
收敛，非全局最优，删除聚类，j = 15
收敛，非全局最优，删除聚类，j = 17
收敛，非全局最优，删除聚类，j = 18
收敛至全局最优，j = 20
******************第180帧估计成功!******************
real_s = 0.0059764 | estimat_s = 0.0059934
real_sigma = 0.001014 | estimat_sigma = 0.0010047
real_k = 17.3833 | estimat_k = 17.7921
TrueCluster = 4 | estimat_cluster = 4
Iterations = 20 | empirical_KLD = 0.035396
************************************************
此帧用时为12.7903 seconds！
************************************************
拐点,7次迭代周期后启动判决，j = 4
判决冗余概率，但发现接近收敛，不删除聚类，j = 11
收敛，非全局最优，删除聚类，j = 13
收敛，非全局最优，删除聚类，j = 14
收敛，非全局最优，删除聚类，j = 19
收敛，非全局最优，删除聚类，j = 21
收敛至全局最优，j = 23
******************第181帧估计成功!******************
real_s = 0.0059737 | estimat_s = 0.0059733
real_sigma = 0.0010096 | estimat_sigma = 0.001013
real_k = 17.5239 | estimat_k = 17.3848
TrueCluster = 4 | estimat_cluster = 4
Iterations = 23 | empirical_KLD = 0.029588
************************************************
此帧用时为14.4539 seconds！
************************************************
收敛，非全局最优，删除聚类，j = 16
收敛，非全局最优，删除聚类，j = 18
收敛，非全局最优，删除聚类，j = 20
收敛，非全局最优，删除聚类，j = 21
收敛至全局最优，j = 23
******************第182帧估计成功!******************
real_s = 0.0059397 | estimat_s = 0.0059299
real_sigma = 0.0010154 | estimat_sigma = 0.0010105
real_k = 17.1234 | estimat_k = 17.2169
TrueCluster = 4 | estimat_cluster = 4
Iterations = 23 | empirical_KLD = 0.027303
************************************************
此帧用时为14.5897 seconds！
************************************************
拐点,7次迭代周期后启动判决，j = 6
判决冗余概率，但发现接近收敛，不删除聚类，j = 13
收敛，非全局最优，删除聚类，j = 16
收敛，非全局最优，删除聚类，j = 18
收敛，非全局最优，删除聚类，j = 19
收敛，非全局最优，删除聚类，j = 20
收敛至全局最优，j = 22
******************第183帧估计成功!******************
real_s = 0.0059473 | estimat_s = 0.0059655
real_sigma = 0.001004 | estimat_sigma = 0.0010027
real_k = 17.5858 | estimat_k = 17.6976
TrueCluster = 4 | estimat_cluster = 4
Iterations = 22 | empirical_KLD = 0.029278
************************************************
此帧用时为14.2666 seconds！
************************************************
收敛，非全局最优，删除聚类，j = 15
收敛，非全局最优，删除聚类，j = 17
收敛，非全局最优，删除聚类，j = 18
收敛，非全局最优，删除聚类，j = 19
收敛至全局最优，j = 21
******************第184帧估计成功!******************
real_s = 0.0059633 | estimat_s = 0.0059643
real_sigma = 0.0010034 | estimat_sigma = 0.0010156
real_k = 17.6972 | estimat_k = 17.2458
TrueCluster = 4 | estimat_cluster = 4
Iterations = 21 | empirical_KLD = 0.031621
************************************************
此帧用时为13.5261 seconds！
************************************************
拐点,7次迭代周期后启动判决，j = 6
判决冗余概率，但发现接近收敛，不删除聚类，j = 13
收敛，非全局最优，删除聚类，j = 14
收敛，非全局最优，删除聚类，j = 16
收敛，非全局最优，删除聚类，j = 17
收敛，非全局最优，删除聚类，j = 18
收敛至全局最优，j = 19
******************第185帧估计成功!******************
real_s = 0.0059756 | estimat_s = 0.0059848
real_sigma = 0.0010083 | estimat_sigma = 0.0010238
real_k = 17.606 | estimat_k = 17.0854
TrueCluster = 4 | estimat_cluster = 4
Iterations = 19 | empirical_KLD = 0.026689
************************************************
此帧用时为12.3612 seconds！
************************************************
拐点,7次迭代周期后启动判决，j = 9
判决冗余概率，但发现接近收敛，不删除聚类，j = 16
收敛，非全局最优，删除聚类，j = 17
收敛，非全局最优，删除聚类，j = 19
收敛，非全局最优，删除聚类，j = 21
收敛，非全局最优，删除聚类，j = 22
收敛至全局最优，j = 24
******************第186帧估计成功!******************
real_s = 0.0059756 | estimat_s = 0.0059876
real_sigma = 0.0010233 | estimat_sigma = 0.0010231
real_k = 17.1066 | estimat_k = 17.1261
TrueCluster = 4 | estimat_cluster = 4
Iterations = 24 | empirical_KLD = 0.026897
************************************************
此帧用时为15.478 seconds！
************************************************
拐点,7次迭代周期后启动判决，j = 5
判决冗余概率，但发现接近收敛，不删除聚类，j = 12
收敛，非全局最优，删除聚类，j = 13
收敛，非全局最优，删除聚类，j = 14
收敛，非全局最优，删除聚类，j = 15
收敛，非全局最优，删除聚类，j = 17
收敛至全局最优，j = 19
******************第187帧估计成功!******************
real_s = 0.0060114 | estimat_s = 0.0060124
real_sigma = 0.0010138 | estimat_sigma = 0.0010206
real_k = 17.6617 | estimat_k = 17.3518
TrueCluster = 4 | estimat_cluster = 4
Iterations = 19 | empirical_KLD = 0.028469
************************************************
此帧用时为12.2128 seconds！
************************************************
拐点,7次迭代周期后启动判决，j = 9
判决冗余概率，但发现接近收敛，不删除聚类，j = 16
收敛，非全局最优，删除聚类，j = 23
收敛，非全局最优，删除聚类，j = 25
收敛，非全局最优，删除聚类，j = 27
收敛，非全局最优，删除聚类，j = 29
收敛至全局最优，j = 31
******************第188帧估计成功!******************
real_s = 0.005988 | estimat_s = 0.0059929
real_sigma = 0.0010273 | estimat_sigma = 0.0010241
real_k = 17.0416 | estimat_k = 17.1208
TrueCluster = 4 | estimat_cluster = 4
Iterations = 31 | empirical_KLD = 0.026326
************************************************
此帧用时为19.7964 seconds！
************************************************
收敛，非全局最优，删除聚类，j = 20
收敛，非全局最优，删除聚类，j = 22
收敛，非全局最优，删除聚类，j = 23
收敛，非全局最优，删除聚类，j = 24
收敛至全局最优，j = 26
******************第189帧估计成功!******************
real_s = 0.0059854 | estimat_s = 0.0059856
real_sigma = 0.0010198 | estimat_sigma = 0.0010206
real_k = 17.2928 | estimat_k = 17.1968
TrueCluster = 4 | estimat_cluster = 4
Iterations = 26 | empirical_KLD = 0.028544
************************************************
此帧用时为16.7452 seconds！
************************************************
收敛，非全局最优，删除聚类，j = 12
收敛，非全局最优，删除聚类，j = 14
收敛，非全局最优，删除聚类，j = 15
收敛，非全局最优，删除聚类，j = 17
收敛至全局最优，j = 19
******************第190帧估计成功!******************
real_s = 0.00599 | estimat_s = 0.0060219
real_sigma = 0.0010154 | estimat_sigma = 0.0010131
real_k = 17.4646 | estimat_k = 17.6651
TrueCluster = 4 | estimat_cluster = 4
Iterations = 19 | empirical_KLD = 0.029228
************************************************
此帧用时为11.9033 seconds！
************************************************
收敛，非全局最优，删除聚类，j = 14
收敛，非全局最优，删除聚类，j = 15
收敛，非全局最优，删除聚类，j = 17
收敛，非全局最优，删除聚类，j = 18
收敛至全局最优，j = 20
******************第191帧估计成功!******************
real_s = 0.0060065 | estimat_s = 0.0060341
real_sigma = 0.0010072 | estimat_sigma = 0.0010098
real_k = 17.8195 | estimat_k = 17.8523
TrueCluster = 4 | estimat_cluster = 4
Iterations = 20 | empirical_KLD = 0.02594
************************************************
此帧用时为12.9282 seconds！
************************************************
拐点,7次迭代周期后启动判决，j = 5
判决冗余概率，但发现接近收敛，不删除聚类，j = 12
收敛，非全局最优，删除聚类，j = 17
收敛，非全局最优，删除聚类，j = 18
收敛，非全局最优，删除聚类，j = 19
收敛，非全局最优，删除聚类，j = 20
收敛至全局最优，j = 22
******************第192帧估计成功!******************
real_s = 0.0059924 | estimat_s = 0.0059986
real_sigma = 0.001012 | estimat_sigma = 0.0010218
real_k = 17.5493 | estimat_k = 17.2314
TrueCluster = 4 | estimat_cluster = 4
Iterations = 22 | empirical_KLD = 0.031216
************************************************
此帧用时为14.2994 seconds！
************************************************
收敛，非全局最优，删除聚类，j = 16
收敛，非全局最优，删除聚类，j = 17
收敛，非全局最优，删除聚类，j = 18
收敛，非全局最优，删除聚类，j = 19
收敛至全局最优，j = 21
******************第193帧估计成功!******************
real_s = 0.0060019 | estimat_s = 0.0059833
real_sigma = 0.00099758 | estimat_sigma = 0.00099749
real_k = 18.1171 | estimat_k = 17.9903
TrueCluster = 4 | estimat_cluster = 4
Iterations = 21 | empirical_KLD = 0.032117
************************************************
此帧用时为13.5679 seconds！
************************************************
收敛，非全局最优，删除聚类，j = 15
收敛，非全局最优，删除聚类，j = 19
收敛，非全局最优，删除聚类，j = 21
收敛，非全局最优，删除聚类，j = 22
收敛至全局最优，j = 24
******************第194帧估计成功!******************
real_s = 0.0060076 | estimat_s = 0.0060118
real_sigma = 0.0010069 | estimat_sigma = 0.0010047
real_k = 17.8224 | estimat_k = 17.9023
TrueCluster = 4 | estimat_cluster = 4
Iterations = 24 | empirical_KLD = 0.029226
************************************************
此帧用时为15.0526 seconds！
************************************************
拐点,7次迭代周期后启动判决，j = 6
判决冗余概率，但发现接近收敛，不删除聚类，j = 13
收敛，非全局最优，删除聚类，j = 14
收敛，非全局最优，删除聚类，j = 15
收敛，非全局最优，删除聚类，j = 16
收敛，非全局最优，删除聚类，j = 17
收敛至全局最优，j = 19
******************第195帧估计成功!******************
real_s = 0.0059937 | estimat_s = 0.0060038
real_sigma = 0.0010018 | estimat_sigma = 0.00099631
real_k = 17.9219 | estimat_k = 18.1564
TrueCluster = 4 | estimat_cluster = 4
Iterations = 19 | empirical_KLD = 0.030393
************************************************
此帧用时为12.2661 seconds！
************************************************
拐点,7次迭代周期后启动判决，j = 6
判决冗余概率，但发现接近收敛，不删除聚类，j = 13
收敛，非全局最优，删除聚类，j = 15
收敛，非全局最优，删除聚类，j = 17
收敛，非全局最优，删除聚类，j = 19
收敛，非全局最优，删除聚类，j = 20
收敛至全局最优，j = 22
******************第196帧估计成功!******************
real_s = 0.0059821 | estimat_s = 0.0059731
real_sigma = 0.0010061 | estimat_sigma = 0.0010176
real_k = 17.7118 | estimat_k = 17.2264
TrueCluster = 4 | estimat_cluster = 4
Iterations = 22 | empirical_KLD = 0.030135
************************************************
此帧用时为14.3995 seconds！
************************************************
收敛，非全局最优，删除聚类，j = 10
收敛，非全局最优，删除聚类，j = 11
收敛，非全局最优，删除聚类，j = 12
收敛，非全局最优，删除聚类，j = 14
收敛至全局最优，j = 16
******************第197帧估计成功!******************
real_s = 0.0059894 | estimat_s = 0.0059995
real_sigma = 0.00099596 | estimat_sigma = 0.00099368
real_k = 18.1557 | estimat_k = 18.2268
TrueCluster = 4 | estimat_cluster = 4
Iterations = 16 | empirical_KLD = 0.028313
************************************************
此帧用时为10.2657 seconds！
************************************************
收敛，非全局最优，删除聚类，j = 15
收敛，非全局最优，删除聚类，j = 17
收敛，非全局最优，删除聚类，j = 18
收敛，非全局最优，删除聚类，j = 19
收敛至全局最优，j = 21
******************第198帧估计成功!******************
real_s = 0.0059772 | estimat_s = 0.0059509
real_sigma = 0.0010098 | estimat_sigma = 0.00099934
real_k = 17.5922 | estimat_k = 17.73
TrueCluster = 4 | estimat_cluster = 4
Iterations = 21 | empirical_KLD = 0.030038
************************************************
此帧用时为13.5958 seconds！
************************************************
拐点,7次迭代周期后启动判决，j = 6
判决冗余概率，但发现接近收敛，不删除聚类，j = 13
收敛，非全局最优，删除聚类，j = 14
收敛，非全局最优，删除聚类，j = 17
收敛，非全局最优，删除聚类，j = 19
收敛，非全局最优，删除聚类，j = 20
收敛至全局最优，j = 22
******************第199帧估计成功!******************
real_s = 0.0059827 | estimat_s = 0.0059833
real_sigma = 0.001008 | estimat_sigma = 0.0010108
real_k = 17.6833 | estimat_k = 17.5179
TrueCluster = 4 | estimat_cluster = 4
Iterations = 22 | empirical_KLD = 0.032211
************************************************
此帧用时为13.9652 seconds！
************************************************
收敛，非全局最优，删除聚类，j = 10
收敛，非全局最优，删除聚类，j = 12
收敛，非全局最优，删除聚类，j = 13
收敛，非全局最优，删除聚类，j = 14
收敛至全局最优，j = 16
******************第200帧估计成功!******************
real_s = 0.0059872 | estimat_s = 0.0059901
real_sigma = 0.001011 | estimat_sigma = 0.0010069
real_k = 17.605 | estimat_k = 17.6954
TrueCluster = 4 | estimat_cluster = 4
Iterations = 16 | empirical_KLD = 0.02912
************************************************
此帧用时为10.3825 seconds！
************************************************
拐点,7次迭代周期后启动判决，j = 8
判决冗余概率，但发现接近收敛，不删除聚类，j = 15
收敛，非全局最优，删除聚类，j = 16
收敛，非全局最优，删除聚类，j = 18
收敛，非全局最优，删除聚类，j = 19
收敛，非全局最优，删除聚类，j = 20
收敛至全局最优，j = 22
******************第201帧估计成功!******************
real_s = 0.0059976 | estimat_s = 0.0060108
real_sigma = 0.0010033 | estimat_sigma = 0.0010067
real_k = 17.9256 | estimat_k = 17.8269
TrueCluster = 4 | estimat_cluster = 4
Iterations = 22 | empirical_KLD = 0.029874
************************************************
此帧用时为14.2559 seconds！
************************************************
收敛，非全局最优，删除聚类，j = 15
收敛，非全局最优，删除聚类，j = 17
收敛，非全局最优，删除聚类，j = 19
收敛，非全局最优，删除聚类，j = 20
收敛至全局最优，j = 22
******************第202帧估计成功!******************
real_s = 0.0059883 | estimat_s = 0.0059906
real_sigma = 0.001011 | estimat_sigma = 0.0010133
real_k = 17.5573 | estimat_k = 17.4746
TrueCluster = 4 | estimat_cluster = 4
Iterations = 22 | empirical_KLD = 0.026645
************************************************
此帧用时为13.9387 seconds！
************************************************
收敛，非全局最优，删除聚类，j = 13
收敛，非全局最优，删除聚类，j = 15
收敛，非全局最优，删除聚类，j = 16
收敛，非全局最优，删除聚类，j = 17
收敛至全局最优，j = 19
******************第203帧估计成功!******************
real_s = 0.0060247 | estimat_s = 0.0060321
real_sigma = 0.00099852 | estimat_sigma = 0.00099385
real_k = 18.2236 | estimat_k = 18.4189
TrueCluster = 4 | estimat_cluster = 4
Iterations = 19 | empirical_KLD = 0.030756
************************************************
此帧用时为12.5577 seconds！
************************************************
收敛，非全局最优，删除聚类，j = 14
收敛，非全局最优，删除聚类，j = 16
收敛，非全局最优，删除聚类，j = 17
收敛，非全局最优，删除聚类，j = 19
收敛至全局最优，j = 21
******************第204帧估计成功!******************
real_s = 0.0060173 | estimat_s = 0.0060344
real_sigma = 0.00098589 | estimat_sigma = 0.00099522
real_k = 18.6496 | estimat_k = 18.3827
TrueCluster = 4 | estimat_cluster = 4
Iterations = 21 | empirical_KLD = 0.030962
************************************************
此帧用时为13.5114 seconds！
************************************************
收敛，非全局最优，删除聚类，j = 14
收敛，非全局最优，删除聚类，j = 15
收敛，非全局最优，删除聚类，j = 16
收敛，非全局最优，删除聚类，j = 17
收敛至全局最优，j = 19
******************第205帧估计成功!******************
real_s = 0.0060436 | estimat_s = 0.0060504
real_sigma = 0.00098329 | estimat_sigma = 0.00099129
real_k = 18.9025 | estimat_k = 18.627
TrueCluster = 4 | estimat_cluster = 4
Iterations = 19 | empirical_KLD = 0.033398
************************************************
此帧用时为12.1436 seconds！
************************************************
收敛，非全局最优，删除聚类，j = 11
收敛，非全局最优，删除聚类，j = 12
收敛，非全局最优，删除聚类，j = 14
收敛，非全局最优，删除聚类，j = 15
收敛至全局最优，j = 17
******************第206帧估计成功!******************
real_s = 0.0060427 | estimat_s = 0.0060424
real_sigma = 0.0009813 | estimat_sigma = 0.00097823
real_k = 18.9699 | estimat_k = 19.0767
TrueCluster = 4 | estimat_cluster = 4
Iterations = 17 | empirical_KLD = 0.034198
************************************************
此帧用时为11.0994 seconds！
************************************************
收敛，非全局最优，删除聚类，j = 17
收敛，非全局最优，删除聚类，j = 19
收敛，非全局最优，删除聚类，j = 20
收敛，非全局最优，删除聚类，j = 21
收敛至全局最优，j = 23
******************第207帧估计成功!******************
real_s = 0.0060543 | estimat_s = 0.0060491
real_sigma = 0.00098311 | estimat_sigma = 0.00098257
real_k = 18.974 | estimat_k = 18.9504
TrueCluster = 4 | estimat_cluster = 4
Iterations = 23 | empirical_KLD = 0.035645
************************************************
此帧用时为14.9019 seconds！
************************************************
拐点,7次迭代周期后启动判决，j = 7
判决冗余概率，但发现接近收敛，不删除聚类，j = 14
收敛，非全局最优，删除聚类，j = 16
收敛，非全局最优，删除聚类，j = 18
收敛，非全局最优，删除聚类，j = 20
收敛，非全局最优，删除聚类，j = 21
收敛至全局最优，j = 22
******************第208帧估计成功!******************
real_s = 0.006026 | estimat_s = 0.0060323
real_sigma = 0.00099349 | estimat_sigma = 0.00099092
real_k = 18.4222 | estimat_k = 18.5291
TrueCluster = 4 | estimat_cluster = 4
Iterations = 22 | empirical_KLD = 0.033575
************************************************
此帧用时为14.381 seconds！
************************************************
拐点,7次迭代周期后启动判决，j = 6
判决冗余概率，但发现接近收敛，不删除聚类，j = 13
收敛，非全局最优，删除聚类，j = 18
收敛，非全局最优，删除聚类，j = 20
收敛，非全局最优，删除聚类，j = 21
收敛，非全局最优，删除聚类，j = 22
收敛至全局最优，j = 24
******************第209帧估计成功!******************
real_s = 0.0060439 | estimat_s = 0.006044
real_sigma = 0.0010109 | estimat_sigma = 0.001003
real_k = 17.8972 | estimat_k = 18.1564
TrueCluster = 4 | estimat_cluster = 4
Iterations = 24 | empirical_KLD = 0.030462
************************************************
此帧用时为15.5234 seconds！
************************************************
收敛，非全局最优，删除聚类，j = 15
收敛，非全局最优，删除聚类，j = 16
收敛，非全局最优，删除聚类，j = 17
收敛，非全局最优，删除聚类，j = 18
收敛至全局最优，j = 20
******************第210帧估计成功!******************
real_s = 0.0060271 | estimat_s = 0.0060217
real_sigma = 0.0010154 | estimat_sigma = 0.0010149
real_k = 17.6337 | estimat_k = 17.6031
TrueCluster = 4 | estimat_cluster = 4
Iterations = 20 | empirical_KLD = 0.032485
************************************************
此帧用时为12.8299 seconds！
************************************************
收敛，非全局最优，删除聚类，j = 17
收敛，非全局最优，删除聚类，j = 19
收敛，非全局最优，删除聚类，j = 20
收敛，非全局最优，删除聚类，j = 21
收敛至全局最优，j = 23
******************第211帧估计成功!******************
real_s = 0.0060401 | estimat_s = 0.0060408
real_sigma = 0.0010282 | estimat_sigma = 0.0010303
real_k = 17.27 | estimat_k = 17.188
TrueCluster = 4 | estimat_cluster = 4
Iterations = 23 | empirical_KLD = 0.026845
************************************************
此帧用时为14.6284 seconds！
************************************************
收敛，非全局最优，删除聚类，j = 15
收敛，非全局最优，删除聚类，j = 16
收敛，非全局最优，删除聚类，j = 18
收敛，非全局最优，删除聚类，j = 19
收敛至全局最优，j = 21
******************第212帧估计成功!******************
real_s = 0.006025 | estimat_s = 0.0060192
real_sigma = 0.0010242 | estimat_sigma = 0.0010216
real_k = 17.3295 | estimat_k = 17.3576
TrueCluster = 4 | estimat_cluster = 4
Iterations = 21 | empirical_KLD = 0.028349
************************************************
此帧用时为13.773 seconds！
************************************************
收敛，非全局最优，删除聚类，j = 19
收敛，非全局最优，删除聚类，j = 21
收敛，非全局最优，删除聚类，j = 22
收敛，非全局最优，删除聚类，j = 23
收敛至全局最优，j = 25
******************第213帧估计成功!******************
real_s = 0.0060227 | estimat_s = 0.0060106
real_sigma = 0.0010197 | estimat_sigma = 0.0010138
real_k = 17.4671 | estimat_k = 17.5766
TrueCluster = 4 | estimat_cluster = 4
Iterations = 25 | empirical_KLD = 0.025052
************************************************
此帧用时为16.103 seconds！
************************************************
拐点,7次迭代周期后启动判决，j = 9
判决冗余概率，但发现接近收敛，不删除聚类，j = 16
收敛，非全局最优，删除聚类，j = 17
收敛，非全局最优，删除聚类，j = 18
收敛，非全局最优，删除聚类，j = 20
收敛，非全局最优，删除聚类，j = 21
收敛至全局最优，j = 23
******************第214帧估计成功!******************
real_s = 0.0060038 | estimat_s = 0.0060067
real_sigma = 0.0010094 | estimat_sigma = 0.0010075
real_k = 17.7121 | estimat_k = 17.7722
TrueCluster = 4 | estimat_cluster = 4
Iterations = 23 | empirical_KLD = 0.029158
************************************************
此帧用时为14.7006 seconds！
************************************************
收敛，非全局最优，删除聚类，j = 17
收敛，非全局最优，删除聚类，j = 19
收敛，非全局最优，删除聚类，j = 20
收敛，非全局最优，删除聚类，j = 21
收敛至全局最优，j = 23
******************第215帧估计成功!******************
real_s = 0.0059685 | estimat_s = 0.0059749
real_sigma = 0.0010107 | estimat_sigma = 0.0010113
real_k = 17.4701 | estimat_k = 17.4528
TrueCluster = 4 | estimat_cluster = 4
Iterations = 23 | empirical_KLD = 0.02875
************************************************
此帧用时为14.8214 seconds！
************************************************
拐点,7次迭代周期后启动判决，j = 5
判决冗余概率，但发现接近收敛，不删除聚类，j = 12
收敛，非全局最优，删除聚类，j = 13
收敛，非全局最优，删除聚类，j = 15
收敛，非全局最优，删除聚类，j = 16
收敛，非全局最优，删除聚类，j = 18
收敛至全局最优，j = 20
******************第216帧估计成功!******************
real_s = 0.0059545 | estimat_s = 0.0059409
real_sigma = 0.00099961 | estimat_sigma = 0.00098485
real_k = 17.7618 | estimat_k = 18.1945
TrueCluster = 4 | estimat_cluster = 4
Iterations = 20 | empirical_KLD = 0.034549
************************************************
此帧用时为12.9317 seconds！
************************************************
拐点,7次迭代周期后启动判决，j = 5
判决冗余概率，但发现接近收敛，不删除聚类，j = 12
收敛，非全局最优，删除聚类，j = 17
收敛，非全局最优，删除聚类，j = 19
收敛，非全局最优，删除聚类，j = 20
收敛，非全局最优，删除聚类，j = 21
收敛至全局最优，j = 23
******************第217帧估计成功!******************
real_s = 0.0059412 | estimat_s = 0.005919
real_sigma = 0.0010087 | estimat_sigma = 0.000997
real_k = 17.3622 | estimat_k = 17.6226
TrueCluster = 4 | estimat_cluster = 4
Iterations = 23 | empirical_KLD = 0.031267
************************************************
此帧用时为14.9727 seconds！
************************************************
拐点,7次迭代周期后启动判决，j = 5
判决冗余概率，删除聚类，j = 12
收敛，非全局最优，删除聚类，j = 21
收敛，非全局最优，删除聚类，j = 23
收敛，非全局最优，删除聚类，j = 25
收敛至全局最优，j = 27
******************第218帧估计成功!******************
real_s = 0.0059431 | estimat_s = 0.0059356
real_sigma = 0.0010138 | estimat_sigma = 0.0010133
real_k = 17.2008 | estimat_k = 17.1552
TrueCluster = 4 | estimat_cluster = 4
Iterations = 27 | empirical_KLD = 0.030015
************************************************
此帧用时为17.1017 seconds！
************************************************
拐点,7次迭代周期后启动判决，j = 7
判决冗余概率，但发现接近收敛，不删除聚类，j = 14
收敛，非全局最优，删除聚类，j = 20
收敛，非全局最优，删除聚类，j = 22
收敛，非全局最优，删除聚类，j = 24
收敛，非全局最优，删除聚类，j = 25
收敛至全局最优，j = 26
******************第219帧估计成功!******************
real_s = 0.0059409 | estimat_s = 0.0059391
real_sigma = 0.0010106 | estimat_sigma = 0.0010045
real_k = 17.305 | estimat_k = 17.4805
TrueCluster = 4 | estimat_cluster = 4
Iterations = 26 | empirical_KLD = 0.030145
************************************************
此帧用时为16.9191 seconds！
************************************************
收敛，非全局最优，删除聚类，j = 12
收敛，非全局最优，删除聚类，j = 14
收敛，非全局最优，删除聚类，j = 15
收敛，非全局最优，删除聚类，j = 16
收敛至全局最优，j = 18
******************第220帧估计成功!******************
real_s = 0.0059561 | estimat_s = 0.0059588
real_sigma = 0.0010041 | estimat_sigma = 0.00099887
real_k = 17.6136 | estimat_k = 17.794
TrueCluster = 4 | estimat_cluster = 4
Iterations = 18 | empirical_KLD = 0.027677
************************************************
此帧用时为11.6306 seconds！
************************************************
收敛，非全局最优，删除聚类，j = 13
收敛，非全局最优，删除聚类，j = 14
收敛，非全局最优，删除聚类，j = 15
收敛，非全局最优，删除聚类，j = 16
收敛至全局最优，j = 18
******************第221帧估计成功!******************
real_s = 0.0059381 | estimat_s = 0.0059336
real_sigma = 0.0010083 | estimat_sigma = 0.0010015
real_k = 17.3653 | estimat_k = 17.5504
TrueCluster = 4 | estimat_cluster = 4
Iterations = 18 | empirical_KLD = 0.030567
************************************************
此帧用时为12.0378 seconds！
************************************************
收敛，非全局最优，删除聚类，j = 16
收敛，非全局最优，删除聚类，j = 17
收敛，非全局最优，删除聚类，j = 18
收敛，非全局最优，删除聚类，j = 19
收敛至全局最优，j = 21
******************第222帧估计成功!******************
real_s = 0.0059519 | estimat_s = 0.0059606
real_sigma = 0.0010111 | estimat_sigma = 0.0010203
real_k = 17.351 | estimat_k = 17.0636
TrueCluster = 4 | estimat_cluster = 4
Iterations = 21 | empirical_KLD = 0.026339
************************************************
此帧用时为14.1076 seconds！
************************************************
拐点,7次迭代周期后启动判决，j = 6
判决冗余概率，但发现接近收敛，不删除聚类，j = 13
收敛，非全局最优，删除聚类，j = 14
收敛，非全局最优，删除聚类，j = 15
收敛，非全局最优，删除聚类，j = 16
收敛，非全局最优，删除聚类，j = 17
收敛至全局最优，j = 19
******************第223帧估计成功!******************
real_s = 0.0059444 | estimat_s = 0.005945
real_sigma = 0.0010021 | estimat_sigma = 0.0010033
real_k = 17.6225 | estimat_k = 17.5556
TrueCluster = 4 | estimat_cluster = 4
Iterations = 19 | empirical_KLD = 0.028195
************************************************
此帧用时为12.6419 seconds！
************************************************
拐点,7次迭代周期后启动判决，j = 7
判决冗余概率，删除聚类，j = 14
收敛，非全局最优，删除聚类，j = 18
收敛，非全局最优，删除聚类，j = 20
收敛，非全局最优，删除聚类，j = 21
收敛至全局最优，j = 23
******************第224帧估计成功!******************
real_s = 0.0059278 | estimat_s = 0.0059376
real_sigma = 0.0010065 | estimat_sigma = 0.0010104
real_k = 17.3624 | estimat_k = 17.2678
TrueCluster = 4 | estimat_cluster = 4
Iterations = 23 | empirical_KLD = 0.030027
************************************************
此帧用时为15.0947 seconds！
************************************************
收敛，非全局最优，删除聚类，j = 14
收敛，非全局最优，删除聚类，j = 15
收敛，非全局最优，删除聚类，j = 17
收敛，非全局最优，删除聚类，j = 18
收敛至全局最优，j = 20
******************第225帧估计成功!******************
real_s = 0.005936 | estimat_s = 0.0059309
real_sigma = 0.0010196 | estimat_sigma = 0.0010189
real_k = 16.9747 | estimat_k = 16.9422
TrueCluster = 4 | estimat_cluster = 4
Iterations = 20 | empirical_KLD = 0.028927
************************************************
此帧用时为13.0949 seconds！
************************************************
收敛，非全局最优，删除聚类，j = 15
收敛，非全局最优，删除聚类，j = 16
收敛，非全局最优，删除聚类，j = 17
收敛，非全局最优，删除聚类，j = 19
收敛至全局最优，j = 21
******************第226帧估计成功!******************
real_s = 0.0059521 | estimat_s = 0.0059464
real_sigma = 0.001014 | estimat_sigma = 0.0010105
real_k = 17.2626 | estimat_k = 17.3136
TrueCluster = 4 | estimat_cluster = 4
Iterations = 21 | empirical_KLD = 0.026915
************************************************
此帧用时为13.9801 seconds！
************************************************
收敛，非全局最优，删除聚类，j = 12
收敛，非全局最优，删除聚类，j = 14
收敛，非全局最优，删除聚类，j = 15
收敛，非全局最优，删除聚类，j = 16
收敛至全局最优，j = 18
******************第227帧估计成功!******************
real_s = 0.0059466 | estimat_s = 0.0059509
real_sigma = 0.0010108 | estimat_sigma = 0.0010125
real_k = 17.3362 | estimat_k = 17.2715
TrueCluster = 4 | estimat_cluster = 4
Iterations = 18 | empirical_KLD = 0.031117
************************************************
此帧用时为11.9365 seconds！
************************************************
收敛，非全局最优，删除聚类，j = 13
收敛，非全局最优，删除聚类，j = 15
收敛，非全局最优，删除聚类，j = 16
收敛，非全局最优，删除聚类，j = 17
收敛至全局最优，j = 19
******************第228帧估计成功!******************
real_s = 0.0059495 | estimat_s = 0.0059487
real_sigma = 0.0010198 | estimat_sigma = 0.0010249
real_k = 17.0424 | estimat_k = 16.8446
TrueCluster = 4 | estimat_cluster = 4
Iterations = 19 | empirical_KLD = 0.025704
************************************************
此帧用时为12.4261 seconds！
************************************************
收敛，非全局最优，删除聚类，j = 16
收敛，非全局最优，删除聚类，j = 18
收敛，非全局最优，删除聚类，j = 19
收敛，非全局最优，删除聚类，j = 21
收敛至全局最优，j = 23
******************第229帧估计成功!******************
real_s = 0.0059475 | estimat_s = 0.0059498
real_sigma = 0.0010205 | estimat_sigma = 0.001017
real_k = 17.0075 | estimat_k = 17.1144
TrueCluster = 4 | estimat_cluster = 4
Iterations = 23 | empirical_KLD = 0.025673
************************************************
此帧用时为14.9072 seconds！
************************************************
收敛，非全局最优，删除聚类，j = 19
收敛，非全局最优，删除聚类，j = 21
收敛，非全局最优，删除聚类，j = 22
收敛，非全局最优，删除聚类，j = 23
收敛至全局最优，j = 25
******************第230帧估计成功!******************
real_s = 0.0059364 | estimat_s = 0.005943
real_sigma = 0.0010102 | estimat_sigma = 0.0010161
real_k = 17.2758 | estimat_k = 17.1048
TrueCluster = 4 | estimat_cluster = 4
Iterations = 25 | empirical_KLD = 0.028726
************************************************
此帧用时为16.7761 seconds！
************************************************
收敛，非全局最优，删除聚类，j = 16
收敛，非全局最优，删除聚类，j = 18
收敛，非全局最优，删除聚类，j = 19
收敛，非全局最优，删除聚类，j = 20
收敛至全局最优，j = 22
******************第231帧估计成功!******************
real_s = 0.0059137 | estimat_s = 0.005924
real_sigma = 0.0010136 | estimat_sigma = 0.0010098
real_k = 17.0219 | estimat_k = 17.2065
TrueCluster = 4 | estimat_cluster = 4
Iterations = 22 | empirical_KLD = 0.026516
************************************************
此帧用时为14.4114 seconds！
************************************************
拐点,7次迭代周期后启动判决，j = 7
判决冗余概率，但发现接近收敛，不删除聚类，j = 14
收敛，非全局最优，删除聚类，j = 15
收敛，非全局最优，删除聚类，j = 17
收敛，非全局最优，删除聚类，j = 18
收敛，非全局最优，删除聚类，j = 19
收敛至全局最优，j = 21
******************第232帧估计成功!******************
real_s = 0.0058967 | estimat_s = 0.0059063
real_sigma = 0.0010054 | estimat_sigma = 0.0010064
real_k = 17.206 | estimat_k = 17.2203
TrueCluster = 4 | estimat_cluster = 4
Iterations = 21 | empirical_KLD = 0.032919
************************************************
此帧用时为13.7276 seconds！
************************************************
拐点,7次迭代周期后启动判决，j = 5
判决冗余概率，但发现接近收敛，不删除聚类，j = 12
收敛，非全局最优，删除聚类，j = 13
收敛，非全局最优，删除聚类，j = 14
收敛，非全局最优，删除聚类，j = 15
收敛，非全局最优，删除聚类，j = 16
收敛至全局最优，j = 18
******************第233帧估计成功!******************
real_s = 0.0058908 | estimat_s = 0.0058875
real_sigma = 0.00099372 | estimat_sigma = 0.00099054
real_k = 17.5852 | estimat_k = 17.664
TrueCluster = 4 | estimat_cluster = 4
Iterations = 18 | empirical_KLD = 0.029521
************************************************
此帧用时为11.7235 seconds！
************************************************
收敛，非全局最优，删除聚类，j = 11
收敛，非全局最优，删除聚类，j = 13
收敛，非全局最优，删除聚类，j = 15
收敛，非全局最优，删除聚类，j = 16
收敛至全局最优，j = 18
******************第234帧估计成功!******************
real_s = 0.0058934 | estimat_s = 0.0058911
real_sigma = 0.0010001 | estimat_sigma = 0.00099189
real_k = 17.3898 | estimat_k = 17.6371
TrueCluster = 4 | estimat_cluster = 4
Iterations = 18 | empirical_KLD = 0.028899
************************************************
此帧用时为12.0738 seconds！
************************************************
收敛，非全局最优，删除聚类，j = 12
收敛，非全局最优，删除聚类，j = 14
收敛，非全局最优，删除聚类，j = 15
收敛，非全局最优，删除聚类，j = 16
收敛至全局最优，j = 18
******************第235帧估计成功!******************
real_s = 0.0058821 | estimat_s = 0.0058823
real_sigma = 0.00098786 | estimat_sigma = 0.00098343
real_k = 17.779 | estimat_k = 17.8887
TrueCluster = 4 | estimat_cluster = 4
Iterations = 18 | empirical_KLD = 0.029988
************************************************
此帧用时为12.0547 seconds！
************************************************
拐点,7次迭代周期后启动判决，j = 8
判决冗余概率，但发现接近收敛，不删除聚类，j = 15
收敛，非全局最优，删除聚类，j = 16
收敛，非全局最优，删除聚类，j = 17
收敛，非全局最优，删除聚类，j = 18
收敛，非全局最优，删除聚类，j = 19
收敛至全局最优，j = 21
******************第236帧估计成功!******************
real_s = 0.0058963 | estimat_s = 0.005909
real_sigma = 0.00097576 | estimat_sigma = 0.00097668
real_k = 18.3185 | estimat_k = 18.3017
TrueCluster = 4 | estimat_cluster = 4
Iterations = 21 | empirical_KLD = 0.027878
************************************************
此帧用时为13.8266 seconds！
************************************************
收敛，非全局最优，删除聚类，j = 11
收敛，非全局最优，删除聚类，j = 12
收敛，非全局最优，删除聚类，j = 13
收敛，非全局最优，删除聚类，j = 14
收敛至全局最优，j = 16
******************第237帧估计成功!******************
real_s = 0.0059026 | estimat_s = 0.0059001
real_sigma = 0.00098057 | estimat_sigma = 0.00097952
real_k = 18.1866 | estimat_k = 18.1408
TrueCluster = 4 | estimat_cluster = 4
Iterations = 16 | empirical_KLD = 0.032514
************************************************
此帧用时为10.8615 seconds！
************************************************
收敛，非全局最优，删除聚类，j = 10
收敛，非全局最优，删除聚类，j = 11
收敛，非全局最优，删除聚类，j = 12
收敛，非全局最优，删除聚类，j = 13
收敛至全局最优，j = 15
******************第238帧估计成功!******************
real_s = 0.0058981 | estimat_s = 0.005906
real_sigma = 0.00098857 | estimat_sigma = 0.0009876
real_k = 17.871 | estimat_k = 17.8808
TrueCluster = 4 | estimat_cluster = 4
Iterations = 15 | empirical_KLD = 0.032754
************************************************
此帧用时为10.4453 seconds！
************************************************
拐点,7次迭代周期后启动判决，j = 6
判决冗余概率，但发现接近收敛，不删除聚类，j = 13
收敛，非全局最优，删除聚类，j = 16
收敛，非全局最优，删除聚类，j = 17
收敛，非全局最优，删除聚类，j = 18
收敛，非全局最优，删除聚类，j = 19
收敛至全局最优，j = 21
******************第239帧估计成功!******************
real_s = 0.0058864 | estimat_s = 0.0058935
real_sigma = 0.00098698 | estimat_sigma = 0.000979
real_k = 17.8565 | estimat_k = 18.1195
TrueCluster = 4 | estimat_cluster = 4
Iterations = 21 | empirical_KLD = 0.025251
************************************************
此帧用时为14.0525 seconds！
************************************************
拐点,7次迭代周期后启动判决，j = 8
判决冗余概率，但发现接近收敛，不删除聚类，j = 15
收敛，非全局最优，删除聚类，j = 19
收敛，非全局最优，删除聚类，j = 21
收敛，非全局最优，删除聚类，j = 22
收敛，非全局最优，删除聚类，j = 23
收敛至全局最优，j = 25
******************第240帧估计成功!******************
real_s = 0.0058919 | estimat_s = 0.0058933
real_sigma = 0.00099654 | estimat_sigma = 0.0010017
real_k = 17.5275 | estimat_k = 17.3053
TrueCluster = 4 | estimat_cluster = 4
Iterations = 25 | empirical_KLD = 0.02917
************************************************
此帧用时为16.5507 seconds！
************************************************
收敛，非全局最优，删除聚类，j = 12
收敛，非全局最优，删除聚类，j = 14
收敛，非全局最优，删除聚类，j = 16
收敛，非全局最优，删除聚类，j = 18
收敛至全局最优，j = 20
******************第241帧估计成功!******************
real_s = 0.0058973 | estimat_s = 0.0059127
real_sigma = 0.0010091 | estimat_sigma = 0.0010117
real_k = 17.0848 | estimat_k = 17.0775
TrueCluster = 4 | estimat_cluster = 4
Iterations = 20 | empirical_KLD = 0.026839
************************************************
此帧用时为13.2025 seconds！
************************************************
拐点,7次迭代周期后启动判决，j = 5
判决冗余概率，但发现接近收敛，不删除聚类，j = 12
收敛，非全局最优，删除聚类，j = 14
收敛，非全局最优，删除聚类，j = 16
收敛，非全局最优，删除聚类，j = 17
收敛，非全局最优，删除聚类，j = 18
收敛至全局最优，j = 19
******************第242帧估计成功!******************
real_s = 0.0059008 | estimat_s = 0.0059064
real_sigma = 0.0010226 | estimat_sigma = 0.0010209
real_k = 16.6835 | estimat_k = 16.7369
TrueCluster = 4 | estimat_cluster = 4
Iterations = 19 | empirical_KLD = 0.024808
************************************************
此帧用时为12.9167 seconds！
************************************************
收敛，非全局最优，删除聚类，j = 11
收敛，非全局最优，删除聚类，j = 12
收敛，非全局最优，删除聚类，j = 13
收敛，非全局最优，删除聚类，j = 14
收敛至全局最优，j = 16
******************第243帧估计成功!******************
real_s = 0.0058899 | estimat_s = 0.0058988
real_sigma = 0.001018 | estimat_sigma = 0.001023
real_k = 16.7781 | estimat_k = 16.6251
TrueCluster = 4 | estimat_cluster = 4
Iterations = 16 | empirical_KLD = 0.025083
************************************************
此帧用时为10.7823 seconds！
************************************************
拐点,7次迭代周期后启动判决，j = 10
判决冗余概率，但发现接近收敛，不删除聚类，j = 17
收敛，非全局最优，删除聚类，j = 18
收敛，非全局最优，删除聚类，j = 19
收敛，非全局最优，删除聚类，j = 20
收敛，非全局最优，删除聚类，j = 21
收敛至全局最优，j = 23
******************第244帧估计成功!******************
real_s = 0.0058971 | estimat_s = 0.0059169
real_sigma = 0.0010209 | estimat_sigma = 0.0010188
real_k = 16.728 | estimat_k = 16.865
TrueCluster = 4 | estimat_cluster = 4
Iterations = 23 | empirical_KLD = 0.031675
************************************************
此帧用时为15.5377 seconds！
************************************************
拐点,7次迭代周期后启动判决，j = 7
判决冗余概率，但发现接近收敛，不删除聚类，j = 14
收敛，非全局最优，删除聚类，j = 15
收敛，非全局最优，删除聚类，j = 17
收敛，非全局最优，删除聚类，j = 18
收敛，非全局最优，删除聚类，j = 19
收敛至全局最优，j = 21
******************第245帧估计成功!******************
real_s = 0.0058995 | estimat_s = 0.0059049
real_sigma = 0.0010195 | estimat_sigma = 0.001016
real_k = 16.7939 | estimat_k = 16.8906
TrueCluster = 4 | estimat_cluster = 4
Iterations = 21 | empirical_KLD = 0.0304
************************************************
此帧用时为13.8623 seconds！
************************************************
拐点,7次迭代周期后启动判决，j = 11
判决冗余概率，但发现接近收敛，不删除聚类，j = 18
收敛，非全局最优，删除聚类，j = 20
收敛，非全局最优，删除聚类，j = 22
收敛，非全局最优，删除聚类，j = 23
收敛，非全局最优，删除聚类，j = 25
收敛至全局最优，j = 26
******************第246帧估计成功!******************
real_s = 0.0058781 | estimat_s = 0.0058771
real_sigma = 0.0010172 | estimat_sigma = 0.001012
real_k = 16.7477 | estimat_k = 16.8627
TrueCluster = 4 | estimat_cluster = 4
Iterations = 26 | empirical_KLD = 0.025287
************************************************
此帧用时为17.4117 seconds！
************************************************
拐点,7次迭代周期后启动判决，j = 5
判决冗余概率，但发现接近收敛，不删除聚类，j = 12
收敛，非全局最优，删除聚类，j = 21
收敛，非全局最优，删除聚类，j = 23
收敛，非全局最优，删除聚类，j = 25
收敛，非全局最优，删除聚类，j = 26
收敛至全局最优，j = 28
******************第247帧估计成功!******************
real_s = 0.0058562 | estimat_s = 0.0058514
real_sigma = 0.0010156 | estimat_sigma = 0.0010055
real_k = 16.6812 | estimat_k = 16.9325
TrueCluster = 4 | estimat_cluster = 4
Iterations = 28 | empirical_KLD = 0.028814
************************************************
此帧用时为20.3957 seconds！
************************************************
收敛，非全局最优，删除聚类，j = 12
收敛，非全局最优，删除聚类，j = 13
收敛，非全局最优，删除聚类，j = 14
收敛，非全局最优，删除聚类，j = 15
收敛至全局最优，j = 17
******************第248帧估计成功!******************
real_s = 0.0058532 | estimat_s = 0.0058315
real_sigma = 0.00102 | estimat_sigma = 0.001011
real_k = 16.5115 | estimat_k = 16.6339
TrueCluster = 4 | estimat_cluster = 4
Iterations = 17 | empirical_KLD = 0.030191
************************************************
此帧用时为12.2325 seconds！
************************************************
收敛，非全局最优，删除聚类，j = 14
收敛，非全局最优，删除聚类，j = 16
收敛，非全局最优，删除聚类，j = 17
收敛，非全局最优，删除聚类，j = 18
收敛至全局最优，j = 20
******************第249帧估计成功!******************
real_s = 0.0058475 | estimat_s = 0.0058264
real_sigma = 0.0010081 | estimat_sigma = 0.001003
real_k = 16.8743 | estimat_k = 16.8727
TrueCluster = 4 | estimat_cluster = 4
Iterations = 20 | empirical_KLD = 0.028195
************************************************
此帧用时为16.931 seconds！
************************************************
拐点,7次迭代周期后启动判决，j = 6
判决冗余概率，但发现接近收敛，不删除聚类，j = 13
收敛，非全局最优，删除聚类，j = 16
收敛，非全局最优，删除聚类，j = 17
收敛，非全局最优，删除聚类，j = 18
收敛，非全局最优，删除聚类，j = 20
收敛至全局最优，j = 22
******************第250帧估计成功!******************
real_s = 0.0058419 | estimat_s = 0.0058348
real_sigma = 0.0010098 | estimat_sigma = 0.0010152
real_k = 16.7797 | estimat_k = 16.5168
TrueCluster = 4 | estimat_cluster = 4
Iterations = 22 | empirical_KLD = 0.025857
************************************************
此帧用时为16.3576 seconds！
************************************************
收敛，非全局最优，删除聚类，j = 11
收敛，非全局最优，删除聚类，j = 12
收敛，非全局最优，删除聚类，j = 13
收敛，非全局最优，删除聚类，j = 14
收敛至全局最优，j = 16
******************第251帧估计成功!******************
real_s = 0.0058251 | estimat_s = 0.0058394
real_sigma = 0.0010078 | estimat_sigma = 0.0010219
real_k = 16.7488 | estimat_k = 16.3255
TrueCluster = 4 | estimat_cluster = 4
Iterations = 16 | empirical_KLD = 0.030999
************************************************
此帧用时为10.7832 seconds！
************************************************
拐点,7次迭代周期后启动判决，j = 6
判决冗余概率，但发现接近收敛，不删除聚类，j = 13
收敛，非全局最优，删除聚类，j = 15
收敛，非全局最优，删除聚类，j = 17
收敛，非全局最优，删除聚类，j = 19
收敛，非全局最优，删除聚类，j = 20
收敛至全局最优，j = 22
******************第252帧估计成功!******************
real_s = 0.0058298 | estimat_s = 0.0058332
real_sigma = 0.0010015 | estimat_sigma = 0.0010081
real_k = 16.9594 | estimat_k = 16.7394
TrueCluster = 4 | estimat_cluster = 4
Iterations = 22 | empirical_KLD = 0.026688
************************************************
此帧用时为15.0541 seconds！
************************************************
拐点,7次迭代周期后启动判决，j = 8
判决冗余概率，但发现接近收敛，不删除聚类，j = 15
收敛，非全局最优，删除聚类，j = 16
收敛，非全局最优，删除聚类，j = 18
收敛，非全局最优，删除聚类，j = 19
收敛，非全局最优，删除聚类，j = 20
收敛至全局最优，j = 22
******************第253帧估计成功!******************
real_s = 0.0058272 | estimat_s = 0.0058429
real_sigma = 0.00099353 | estimat_sigma = 0.00099765
real_k = 17.2225 | estimat_k = 17.1501
TrueCluster = 4 | estimat_cluster = 4
Iterations = 22 | empirical_KLD = 0.024975
************************************************
此帧用时为14.7909 seconds！
************************************************
收敛，非全局最优，删除聚类，j = 13
收敛，非全局最优，删除聚类，j = 15
收敛，非全局最优，删除聚类，j = 17
收敛，非全局最优，删除聚类，j = 18
收敛至全局最优，j = 20
******************第254帧估计成功!******************
real_s = 0.0058337 | estimat_s = 0.0058245
real_sigma = 0.00099966 | estimat_sigma = 0.00099151
real_k = 17.0489 | estimat_k = 17.2539
TrueCluster = 4 | estimat_cluster = 4
Iterations = 20 | empirical_KLD = 0.029067
************************************************
此帧用时为13.5847 seconds！
************************************************
收敛，非全局最优，删除聚类，j = 12
收敛，非全局最优，删除聚类，j = 13
收敛，非全局最优，删除聚类，j = 15
收敛，非全局最优，删除聚类，j = 16
收敛至全局最优，j = 18
******************第255帧估计成功!******************
real_s = 0.0058402 | estimat_s = 0.0058424
real_sigma = 0.00099567 | estimat_sigma = 0.00098366
real_k = 17.2339 | estimat_k = 17.6387
TrueCluster = 4 | estimat_cluster = 4
Iterations = 18 | empirical_KLD = 0.031784
************************************************
此帧用时为12.1067 seconds！
************************************************
收敛，非全局最优，删除聚类，j = 14
收敛，非全局最优，删除聚类，j = 15
收敛，非全局最优，删除聚类，j = 16
收敛，非全局最优，删除聚类，j = 17
收敛至全局最优，j = 19
******************第256帧估计成功!******************
real_s = 0.0058582 | estimat_s = 0.0058557
real_sigma = 0.0010017 | estimat_sigma = 0.0010029
real_k = 17.1367 | estimat_k = 17.0456
TrueCluster = 4 | estimat_cluster = 4
Iterations = 19 | empirical_KLD = 0.028644
************************************************
此帧用时为12.9156 seconds！
************************************************
拐点,7次迭代周期后启动判决，j = 5
判决冗余概率，但发现接近收敛，不删除聚类，j = 12
收敛，非全局最优，删除聚类，j = 15
收敛，非全局最优，删除聚类，j = 17
收敛，非全局最优，删除聚类，j = 18
收敛，非全局最优，删除聚类，j = 19
收敛至全局最优，j = 21
******************第257帧估计成功!******************
real_s = 0.0058642 | estimat_s = 0.0058642
real_sigma = 0.00099373 | estimat_sigma = 0.00098936
real_k = 17.4324 | estimat_k = 17.5663
TrueCluster = 4 | estimat_cluster = 4
Iterations = 21 | empirical_KLD = 0.031819
************************************************
此帧用时为13.9617 seconds！
************************************************
收敛，非全局最优，删除聚类，j = 10
收敛，非全局最优，删除聚类，j = 11
收敛，非全局最优，删除聚类，j = 13
收敛，非全局最优，删除聚类，j = 14
收敛至全局最优，j = 16
******************第258帧估计成功!******************
real_s = 0.0058581 | estimat_s = 0.0058645
real_sigma = 0.00099061 | estimat_sigma = 0.00099687
real_k = 17.5117 | estimat_k = 17.3043
TrueCluster = 4 | estimat_cluster = 4
Iterations = 16 | empirical_KLD = 0.028154
************************************************
此帧用时为10.8179 seconds！
************************************************
拐点,7次迭代周期后启动判决，j = 6
判决冗余概率，删除聚类，j = 13
拐点,7次迭代周期后启动判决，j = 18
判决冗余概率，但发现接近收敛，不删除聚类，j = 25
收敛，非全局最优，删除聚类，j = 26
收敛，非全局最优，删除聚类，j = 27
收敛，非全局最优，删除聚类，j = 28
收敛至全局最优，j = 29
******************第259帧估计成功!******************
real_s = 0.0058501 | estimat_s = 0.0058407
real_sigma = 0.00098054 | estimat_sigma = 0.00097992
real_k = 17.823 | estimat_k = 17.7632
TrueCluster = 4 | estimat_cluster = 4
Iterations = 29 | empirical_KLD = 0.030828
************************************************
此帧用时为18.951 seconds！
************************************************
拐点,7次迭代周期后启动判决，j = 6
判决冗余概率，但发现接近收敛，不删除聚类，j = 13
收敛，非全局最优，删除聚类，j = 15
收敛，非全局最优，删除聚类，j = 16
收敛，非全局最优，删除聚类，j = 18
收敛，非全局最优，删除聚类，j = 19
收敛至全局最优，j = 21
******************第260帧估计成功!******************
real_s = 0.0058219 | estimat_s = 0.0058238
real_sigma = 0.00098706 | estimat_sigma = 0.00098781
real_k = 17.4261 | estimat_k = 17.3796
TrueCluster = 4 | estimat_cluster = 4
Iterations = 21 | empirical_KLD = 0.027195
************************************************
此帧用时为13.9482 seconds！
************************************************
收敛，非全局最优，删除聚类，j = 12
收敛，非全局最优，删除聚类，j = 14
收敛，非全局最优，删除聚类，j = 15
收敛，非全局最优，删除聚类，j = 16
收敛至全局最优，j = 18
******************第261帧估计成功!******************
real_s = 0.0058124 | estimat_s = 0.0058091
real_sigma = 0.00098478 | estimat_sigma = 0.00098838
real_k = 17.4469 | estimat_k = 17.2718
TrueCluster = 4 | estimat_cluster = 4
Iterations = 18 | empirical_KLD = 0.031937
************************************************
此帧用时为12.2897 seconds！
************************************************
收敛，非全局最优，删除聚类，j = 18
收敛，非全局最优，删除聚类，j = 19
收敛，非全局最优，删除聚类，j = 21
收敛，非全局最优，删除聚类，j = 22
收敛至全局最优，j = 23
******************第262帧估计成功!******************
real_s = 0.0058001 | estimat_s = 0.0057707
real_sigma = 0.00096879 | estimat_sigma = 0.00096674
real_k = 17.9974 | estimat_k = 17.8158
TrueCluster = 4 | estimat_cluster = 4
Iterations = 23 | empirical_KLD = 0.032843
************************************************
此帧用时为15.4279 seconds！
************************************************
拐点,7次迭代周期后启动判决，j = 6
判决冗余概率，但发现接近收敛，不删除聚类，j = 13
收敛，非全局最优，删除聚类，j = 15
收敛，非全局最优，删除聚类，j = 17
收敛，非全局最优，删除聚类，j = 18
收敛，非全局最优，删除聚类，j = 19
收敛至全局最优，j = 21
******************第263帧估计成功!******************
real_s = 0.0058049 | estimat_s = 0.0057887
real_sigma = 0.00098434 | estimat_sigma = 0.00097628
real_k = 17.49 | estimat_k = 17.5785
TrueCluster = 4 | estimat_cluster = 4
Iterations = 21 | empirical_KLD = 0.028207
************************************************
此帧用时为14.1666 seconds！
************************************************
拐点,7次迭代周期后启动判决，j = 8
判决冗余概率，但发现接近收敛，不删除聚类，j = 15
收敛，非全局最优，删除聚类，j = 16
收敛，非全局最优，删除聚类，j = 17
收敛，非全局最优，删除聚类，j = 18
收敛，非全局最优，删除聚类，j = 19
收敛至全局最优，j = 21
******************第264帧估计成功!******************
real_s = 0.0057806 | estimat_s = 0.0057826
real_sigma = 0.0010036 | estimat_sigma = 0.001002
real_k = 16.7267 | estimat_k = 16.6516
TrueCluster = 4 | estimat_cluster = 4
Iterations = 21 | empirical_KLD = 0.024323
************************************************
此帧用时为14.2633 seconds！
************************************************
收敛，非全局最优，删除聚类，j = 11
收敛，非全局最优，删除聚类，j = 12
收敛，非全局最优，删除聚类，j = 13
收敛，非全局最优，删除聚类，j = 14
收敛至全局最优，j = 15
******************第265帧估计成功!******************
real_s = 0.0057843 | estimat_s = 0.0057982
real_sigma = 0.0010027 | estimat_sigma = 0.00099695
real_k = 16.7787 | estimat_k = 16.9126
TrueCluster = 4 | estimat_cluster = 4
Iterations = 15 | empirical_KLD = 0.026445
************************************************
此帧用时为10.3343 seconds！
************************************************
收敛，非全局最优，删除聚类，j = 15
收敛，非全局最优，删除聚类，j = 16
收敛，非全局最优，删除聚类，j = 17
收敛，非全局最优，删除聚类，j = 18
收敛至全局最优，j = 20
******************第266帧估计成功!******************
real_s = 0.0057727 | estimat_s = 0.0057675
real_sigma = 0.00101 | estimat_sigma = 0.0010157
real_k = 16.4859 | estimat_k = 16.1214
TrueCluster = 4 | estimat_cluster = 4
Iterations = 20 | empirical_KLD = 0.027398
************************************************
此帧用时为13.2831 seconds！
************************************************
拐点,7次迭代周期后启动判决，j = 7
判决冗余概率，但发现接近收敛，不删除聚类，j = 14
收敛，非全局最优，删除聚类，j = 16
收敛，非全局最优，删除聚类，j = 18
收敛，非全局最优，删除聚类，j = 20
收敛，非全局最优，删除聚类，j = 21
收敛至全局最优，j = 23
******************第267帧估计成功!******************
real_s = 0.005772 | estimat_s = 0.0057568
real_sigma = 0.0010262 | estimat_sigma = 0.0010246
real_k = 15.8528 | estimat_k = 15.7832
TrueCluster = 4 | estimat_cluster = 4
Iterations = 23 | empirical_KLD = 0.02627
************************************************
此帧用时为15.1096 seconds！
************************************************
拐点,7次迭代周期后启动判决，j = 7
判决冗余概率，但发现接近收敛，不删除聚类，j = 14
收敛，非全局最优，删除聚类，j = 18
收敛，非全局最优，删除聚类，j = 20
收敛，非全局最优，删除聚类，j = 21
收敛，非全局最优，删除聚类，j = 22
收敛至全局最优，j = 24
******************第268帧估计成功!******************
real_s = 0.0057589 | estimat_s = 0.0057442
real_sigma = 0.0010218 | estimat_sigma = 0.0010202
real_k = 15.917 | estimat_k = 15.8522
TrueCluster = 4 | estimat_cluster = 4
Iterations = 24 | empirical_KLD = 0.025357
************************************************
此帧用时为16.1052 seconds！
************************************************
收敛，非全局最优，删除聚类，j = 11
收敛，非全局最优，删除聚类，j = 13
收敛，非全局最优，删除聚类，j = 14
收敛，非全局最优，删除聚类，j = 15
收敛至全局最优，j = 17
******************第269帧估计成功!******************
real_s = 0.005786 | estimat_s = 0.0057755
real_sigma = 0.0010142 | estimat_sigma = 0.0010098
real_k = 16.2882 | estimat_k = 16.3562
TrueCluster = 4 | estimat_cluster = 4
Iterations = 17 | empirical_KLD = 0.029306
************************************************
此帧用时为11.8051 seconds！
************************************************
拐点,7次迭代周期后启动判决，j = 5
判决冗余概率，但发现接近收敛，不删除聚类，j = 12
收敛，非全局最优，删除聚类，j = 14
收敛，非全局最优，删除聚类，j = 16
收敛，非全局最优，删除聚类，j = 17
收敛，非全局最优，删除聚类，j = 18
收敛至全局最优，j = 20
******************第270帧估计成功!******************
real_s = 0.0057767 | estimat_s = 0.0057741
real_sigma = 0.0010084 | estimat_sigma = 0.0010078
real_k = 16.4341 | estimat_k = 16.4122
TrueCluster = 4 | estimat_cluster = 4
Iterations = 20 | empirical_KLD = 0.028507
************************************************
此帧用时为13.6214 seconds！
************************************************
收敛，非全局最优，删除聚类，j = 16
收敛，非全局最优，删除聚类，j = 17
收敛，非全局最优，删除聚类，j = 19
收敛，非全局最优，删除聚类，j = 20
收敛至全局最优，j = 22
******************第271帧估计成功!******************
real_s = 0.005787 | estimat_s = 0.0057862
real_sigma = 0.00099231 | estimat_sigma = 0.00099118
real_k = 17.0266 | estimat_k = 17.0393
TrueCluster = 4 | estimat_cluster = 4
Iterations = 22 | empirical_KLD = 0.027697
************************************************
此帧用时为14.8449 seconds！
************************************************
拐点,7次迭代周期后启动判决，j = 5
判决冗余概率，但发现接近收敛，不删除聚类，j = 12
收敛，非全局最优，删除聚类，j = 16
收敛，非全局最优，删除聚类，j = 18
收敛，非全局最优，删除聚类，j = 20
收敛，非全局最优，删除聚类，j = 21
收敛至全局最优，j = 23
******************第272帧估计成功!******************
real_s = 0.0057772 | estimat_s = 0.0057702
real_sigma = 0.0010037 | estimat_sigma = 0.0010109
real_k = 16.6175 | estimat_k = 16.292
TrueCluster = 4 | estimat_cluster = 4
Iterations = 23 | empirical_KLD = 0.024449
************************************************
此帧用时为15.205 seconds！
************************************************
拐点,7次迭代周期后启动判决，j = 6
判决冗余概率，但发现接近收敛，不删除聚类，j = 13
收敛，非全局最优，删除聚类，j = 16
收敛，非全局最优，删除聚类，j = 17
收敛，非全局最优，删除聚类，j = 18
收敛，非全局最优，删除聚类，j = 20
收敛至全局最优，j = 22
******************第273帧估计成功!******************
real_s = 0.0057741 | estimat_s = 0.005774
real_sigma = 0.00099742 | estimat_sigma = 0.00099599
real_k = 16.8091 | estimat_k = 16.8043
TrueCluster = 4 | estimat_cluster = 4
Iterations = 22 | empirical_KLD = 0.025843
************************************************
此帧用时为14.9289 seconds！
************************************************
拐点,7次迭代周期后启动判决，j = 7
判决冗余概率，但发现接近收敛，不删除聚类，j = 14
收敛，非全局最优，删除聚类，j = 15
收敛，非全局最优，删除聚类，j = 17
收敛，非全局最优，删除聚类，j = 18
收敛，非全局最优，删除聚类，j = 19
收敛至全局最优，j = 21
******************第274帧估计成功!******************
real_s = 0.0057405 | estimat_s = 0.0057478
real_sigma = 0.00099298 | estimat_sigma = 0.00098898
real_k = 16.7624 | estimat_k = 16.8889
TrueCluster = 4 | estimat_cluster = 4
Iterations = 21 | empirical_KLD = 0.028399
************************************************
此帧用时为14.2232 seconds！
************************************************
收敛，非全局最优，删除聚类，j = 15
收敛，非全局最优，删除聚类，j = 17
收敛，非全局最优，删除聚类，j = 21
收敛，非全局最优，删除聚类，j = 23
收敛至全局最优，j = 25
******************第275帧估计成功!******************
real_s = 0.0057305 | estimat_s = 0.0057285
real_sigma = 0.00099853 | estimat_sigma = 0.00099489
real_k = 16.5149 | estimat_k = 16.577
TrueCluster = 4 | estimat_cluster = 4
Iterations = 25 | empirical_KLD = 0.028857
************************************************
此帧用时为16.5104 seconds！
************************************************
拐点,7次迭代周期后启动判决，j = 7
判决冗余概率，但发现接近收敛，不删除聚类，j = 14
收敛，非全局最优，删除聚类，j = 15
收敛，非全局最优，删除聚类，j = 16
收敛，非全局最优，删除聚类，j = 18
收敛，非全局最优，删除聚类，j = 19
收敛至全局最优，j = 21
******************第276帧估计成功!******************
real_s = 0.0057223 | estimat_s = 0.0056994
real_sigma = 0.001004 | estimat_sigma = 0.00099908
real_k = 16.2694 | estimat_k = 16.2712
TrueCluster = 4 | estimat_cluster = 4
Iterations = 21 | empirical_KLD = 0.025573
************************************************
此帧用时为14.0819 seconds！
************************************************
拐点,7次迭代周期后启动判决，j = 10
判决冗余概率，删除聚类，j = 17
收敛，非全局最优，删除聚类，j = 25
收敛，非全局最优，删除聚类，j = 27
收敛，非全局最优，删除聚类，j = 28
收敛至全局最优，j = 30
******************第277帧估计成功!******************
real_s = 0.0057243 | estimat_s = 0.0057195
real_sigma = 0.00098853 | estimat_sigma = 0.00099724
real_k = 16.7758 | estimat_k = 16.4472
TrueCluster = 4 | estimat_cluster = 4
Iterations = 30 | empirical_KLD = 0.022552
************************************************
此帧用时为19.8506 seconds！
************************************************
拐点,7次迭代周期后启动判决，j = 6
判决冗余概率，删除聚类，j = 13
拐点,7次迭代周期后启动判决，j = 17
判决冗余概率，但发现接近收敛，不删除聚类，j = 24
收敛，非全局最优，删除聚类，j = 25
收敛，非全局最优，删除聚类，j = 26
收敛，非全局最优，删除聚类，j = 27
收敛至全局最优，j = 28
******************第278帧估计成功!******************
real_s = 0.0057292 | estimat_s = 0.0057257
real_sigma = 0.00098872 | estimat_sigma = 0.00099483
real_k = 16.7982 | estimat_k = 16.563
TrueCluster = 4 | estimat_cluster = 4
Iterations = 28 | empirical_KLD = 0.027203
************************************************
此帧用时为18.3502 seconds！
************************************************
收敛，非全局最优，删除聚类，j = 12
收敛，非全局最优，删除聚类，j = 14
收敛，非全局最优，删除聚类，j = 16
收敛，非全局最优，删除聚类，j = 17
收敛至全局最优，j = 19
******************第279帧估计成功!******************
real_s = 0.0057552 | estimat_s = 0.0057473
real_sigma = 0.0009849 | estimat_sigma = 0.00098077
real_k = 17.0818 | estimat_k = 17.1699
TrueCluster = 4 | estimat_cluster = 4
Iterations = 19 | empirical_KLD = 0.031021
************************************************
此帧用时为12.7864 seconds！
************************************************
拐点,7次迭代周期后启动判决，j = 5
判决冗余概率，但发现接近收敛，不删除聚类，j = 12
收敛，非全局最优，删除聚类，j = 16
收敛，非全局最优，删除聚类，j = 18
收敛，非全局最优，删除聚类，j = 19
收敛，非全局最优，删除聚类，j = 20
收敛至全局最优，j = 22
******************第280帧估计成功!******************
real_s = 0.0057473 | estimat_s = 0.005761
real_sigma = 0.00099091 | estimat_sigma = 0.00099043
real_k = 16.8539 | estimat_k = 16.917
TrueCluster = 4 | estimat_cluster = 4
Iterations = 22 | empirical_KLD = 0.028963
************************************************
此帧用时为14.8363 seconds！
************************************************
收敛，非全局最优，删除聚类，j = 12
收敛，非全局最优，删除聚类，j = 13
收敛，非全局最优，删除聚类，j = 15
收敛，非全局最优，删除聚类，j = 16
收敛至全局最优，j = 18
******************第281帧估计成功!******************
real_s = 0.0057345 | estimat_s = 0.0057289
real_sigma = 0.00098892 | estimat_sigma = 0.00099005
real_k = 16.8467 | estimat_k = 16.7414
TrueCluster = 4 | estimat_cluster = 4
Iterations = 18 | empirical_KLD = 0.028789
************************************************
此帧用时为12.0503 seconds！
************************************************
拐点,7次迭代周期后启动判决，j = 8
判决冗余概率，但发现接近收敛，不删除聚类，j = 15
收敛，非全局最优，删除聚类，j = 17
收敛，非全局最优，删除聚类，j = 19
收敛，非全局最优，删除聚类，j = 20
收敛，非全局最优，删除聚类，j = 21
收敛至全局最优，j = 23
******************第282帧估计成功!******************
real_s = 0.0057329 | estimat_s = 0.0057424
real_sigma = 0.00099619 | estimat_sigma = 0.000996
real_k = 16.5901 | estimat_k = 16.6204
TrueCluster = 4 | estimat_cluster = 4
Iterations = 23 | empirical_KLD = 0.030152
************************************************
此帧用时为15.6678 seconds！
************************************************
收敛，非全局最优，删除聚类，j = 10
收敛，非全局最优，删除聚类，j = 12
收敛，非全局最优，删除聚类，j = 13
收敛，非全局最优，删除聚类，j = 14
收敛至全局最优，j = 16
******************第283帧估计成功!******************
real_s = 0.0056978 | estimat_s = 0.0057192
real_sigma = 0.0010034 | estimat_sigma = 0.0010056
real_k = 16.1586 | estimat_k = 16.1716
TrueCluster = 4 | estimat_cluster = 4
Iterations = 16 | empirical_KLD = 0.027964
************************************************
此帧用时为11.354 seconds！
************************************************
拐点,7次迭代周期后启动判决，j = 6
判决冗余概率，但发现接近收敛，不删除聚类，j = 13
收敛，非全局最优，删除聚类，j = 15
收敛，非全局最优，删除聚类，j = 16
收敛，非全局最优，删除聚类，j = 18
收敛，非全局最优，删除聚类，j = 19
收敛至全局最优，j = 21
******************第284帧估计成功!******************
real_s = 0.0056548 | estimat_s = 0.0056672
real_sigma = 0.0010178 | estimat_sigma = 0.0010234
real_k = 15.4691 | estimat_k = 15.3333
TrueCluster = 4 | estimat_cluster = 4
Iterations = 21 | empirical_KLD = 0.026118
************************************************
此帧用时为14.5618 seconds！
************************************************
拐点,7次迭代周期后启动判决，j = 9
判决冗余概率，但发现接近收敛，不删除聚类，j = 16
收敛，非全局最优，删除聚类，j = 17
收敛，非全局最优，删除聚类，j = 20
收敛，非全局最优，删除聚类，j = 22
收敛，非全局最优，删除聚类，j = 23
收敛至全局最优，j = 25
******************第285帧估计成功!******************
real_s = 0.0056644 | estimat_s = 0.0056681
real_sigma = 0.0010186 | estimat_sigma = 0.0010209
real_k = 15.4972 | estimat_k = 15.4139
TrueCluster = 4 | estimat_cluster = 4
Iterations = 25 | empirical_KLD = 0.02537
************************************************
此帧用时为16.7792 seconds！
************************************************
拐点,7次迭代周期后启动判决，j = 8
判决冗余概率，但发现接近收敛，不删除聚类，j = 15
收敛，非全局最优，删除聚类，j = 16
收敛，非全局最优，删除聚类，j = 17
收敛，非全局最优，删除聚类，j = 18
收敛，非全局最优，删除聚类，j = 19
收敛至全局最优，j = 22
******************第286帧估计成功!******************
real_s = 0.0056606 | estimat_s = 0.005667
real_sigma = 0.001021 | estimat_sigma = 0.0010179
real_k = 15.3956 | estimat_k = 15.4974
TrueCluster = 4 | estimat_cluster = 4
Iterations = 22 | empirical_KLD = 0.028392
************************************************
此帧用时为14.8991 seconds！
************************************************
收敛，非全局最优，删除聚类，j = 16
收敛，非全局最优，删除聚类，j = 18
收敛，非全局最优，删除聚类，j = 19
收敛，非全局最优，删除聚类，j = 20
收敛至全局最优，j = 21
******************第287帧估计成功!******************
real_s = 0.0056582 | estimat_s = 0.00567
real_sigma = 0.0010198 | estimat_sigma = 0.0010208
real_k = 15.4206 | estimat_k = 15.4252
TrueCluster = 4 | estimat_cluster = 4
Iterations = 21 | empirical_KLD = 0.030167
************************************************
此帧用时为14.4799 seconds！
************************************************
拐点,7次迭代周期后启动判决，j = 9
判决冗余概率，但发现接近收敛，不删除聚类，j = 16
收敛，非全局最优，删除聚类，j = 17
收敛，非全局最优，删除聚类，j = 19
收敛，非全局最优，删除聚类，j = 20
收敛，非全局最优，删除聚类，j = 21
收敛至全局最优，j = 22
******************第288帧估计成功!******************
real_s = 0.0056805 | estimat_s = 0.0056757
real_sigma = 0.0010245 | estimat_sigma = 0.0010118
real_k = 15.401 | estimat_k = 15.7334
TrueCluster = 4 | estimat_cluster = 4
Iterations = 22 | empirical_KLD = 0.029793
************************************************
此帧用时为15.1404 seconds！
************************************************
收敛，非全局最优，删除聚类，j = 13
收敛，非全局最优，删除聚类，j = 14
收敛，非全局最优，删除聚类，j = 15
收敛，非全局最优，删除聚类，j = 16
收敛至全局最优，j = 18
******************第289帧估计成功!******************
real_s = 0.0056911 | estimat_s = 0.005704
real_sigma = 0.0010087 | estimat_sigma = 0.0010063
real_k = 15.942 | estimat_k = 16.0651
TrueCluster = 4 | estimat_cluster = 4
Iterations = 18 | empirical_KLD = 0.02812
************************************************
此帧用时为12.5224 seconds！
************************************************
拐点,7次迭代周期后启动判决，j = 10
判决冗余概率，但发现接近收敛，不删除聚类，j = 17
收敛，非全局最优，删除聚类，j = 21
收敛，非全局最优，删除聚类，j = 22
收敛，非全局最优，删除聚类，j = 23
收敛，非全局最优，删除聚类，j = 24
收敛至全局最优，j = 26
******************第290帧估计成功!******************
real_s = 0.005694 | estimat_s = 0.0057063
real_sigma = 0.0010016 | estimat_sigma = 0.0010024
real_k = 16.177 | estimat_k = 16.2029
TrueCluster = 4 | estimat_cluster = 4
Iterations = 26 | empirical_KLD = 0.030962
************************************************
此帧用时为17.63 seconds！
************************************************
拐点,7次迭代周期后启动判决，j = 10
判决冗余概率，但发现接近收敛，不删除聚类，j = 17
收敛，非全局最优，删除聚类，j = 18
收敛，非全局最优，删除聚类，j = 19
收敛，非全局最优，删除聚类，j = 21
收敛，非全局最优，删除聚类，j = 22
收敛至全局最优，j = 24
******************第291帧估计成功!******************
real_s = 0.0056985 | estimat_s = 0.0056967
real_sigma = 0.0010147 | estimat_sigma = 0.0010098
real_k = 15.8085 | estimat_k = 15.9116
TrueCluster = 4 | estimat_cluster = 4
Iterations = 24 | empirical_KLD = 0.02628
************************************************
此帧用时为16.2131 seconds！
************************************************
收敛，非全局最优，删除聚类，j = 14
收敛，非全局最优，删除聚类，j = 16
收敛，非全局最优，删除聚类，j = 17
收敛，非全局最优，删除聚类，j = 18
收敛至全局最优，j = 19
******************第292帧估计成功!******************
real_s = 0.005702 | estimat_s = 0.0056984
real_sigma = 0.0010191 | estimat_sigma = 0.0010224
real_k = 15.6898 | estimat_k = 15.534
TrueCluster = 4 | estimat_cluster = 4
Iterations = 19 | empirical_KLD = 0.024727
************************************************
此帧用时为13.1859 seconds！
************************************************
收敛，非全局最优，删除聚类，j = 10
收敛，非全局最优，删除聚类，j = 11
收敛，非全局最优，删除聚类，j = 13
收敛，非全局最优，删除聚类，j = 14
收敛至全局最优，j = 16
******************第293帧估计成功!******************
real_s = 0.0056991 | estimat_s = 0.0056972
real_sigma = 0.00099727 | estimat_sigma = 0.00099409
real_k = 16.4145 | estimat_k = 16.4228
TrueCluster = 4 | estimat_cluster = 4
Iterations = 16 | empirical_KLD = 0.026689
************************************************
此帧用时为11.2618 seconds！
************************************************
收敛，非全局最优，删除聚类，j = 16
收敛，非全局最优，删除聚类，j = 17
收敛，非全局最优，删除聚类，j = 18
收敛，非全局最优，删除聚类，j = 19
收敛至全局最优，j = 21
******************第294帧估计成功!******************
real_s = 0.0057046 | estimat_s = 0.0057052
real_sigma = 0.00099902 | estimat_sigma = 0.00099356
real_k = 16.387 | estimat_k = 16.4861
TrueCluster = 4 | estimat_cluster = 4
Iterations = 21 | empirical_KLD = 0.02804
************************************************
此帧用时为14.3271 seconds！
************************************************
拐点,7次迭代周期后启动判决，j = 7
判决冗余概率，但发现接近收敛，不删除聚类，j = 14
收敛，非全局最优，删除聚类，j = 15
收敛，非全局最优，删除聚类，j = 16
收敛，非全局最优，删除聚类，j = 17
收敛，非全局最优，删除聚类，j = 18
收敛至全局最优，j = 20
******************第295帧估计成功!******************
real_s = 0.0056725 | estimat_s = 0.0056725
real_sigma = 0.00099617 | estimat_sigma = 0.00099124
real_k = 16.296 | estimat_k = 16.3742
TrueCluster = 4 | estimat_cluster = 4
Iterations = 20 | empirical_KLD = 0.029048
************************************************
此帧用时为13.8978 seconds！
************************************************
拐点,7次迭代周期后启动判决，j = 6
判决冗余概率，但发现接近收敛，不删除聚类，j = 13
收敛，非全局最优，删除聚类，j = 15
收敛，非全局最优，删除聚类，j = 17
收敛，非全局最优，删除聚类，j = 18
收敛，非全局最优，删除聚类，j = 20
收敛至全局最优，j = 22
******************第296帧估计成功!******************
real_s = 0.0056405 | estimat_s = 0.0056506
real_sigma = 0.00098626 | estimat_sigma = 0.00098234
real_k = 16.4116 | estimat_k = 16.5435
TrueCluster = 4 | estimat_cluster = 4
Iterations = 22 | empirical_KLD = 0.029728
************************************************
此帧用时为14.8507 seconds！
************************************************
拐点,7次迭代周期后启动判决，j = 5
判决冗余概率，但发现接近收敛，不删除聚类，j = 12
收敛，非全局最优，删除聚类，j = 18
收敛，非全局最优，删除聚类，j = 20
收敛，非全局最优，删除聚类，j = 21
收敛，非全局最优，删除聚类，j = 23
收敛至全局最优，j = 25
******************第297帧估计成功!******************
real_s = 0.0056063 | estimat_s = 0.0056168
real_sigma = 0.00097896 | estimat_sigma = 0.00097961
real_k = 16.4501 | estimat_k = 16.4378
TrueCluster = 4 | estimat_cluster = 4
Iterations = 25 | empirical_KLD = 0.027197
************************************************
此帧用时为17.0074 seconds！
************************************************
拐点,7次迭代周期后启动判决，j = 6
判决冗余概率，但发现接近收敛，不删除聚类，j = 13
收敛，非全局最优，删除聚类，j = 16
收敛，非全局最优，删除聚类，j = 18
收敛，非全局最优，删除聚类，j = 19
收敛，非全局最优，删除聚类，j = 20
收敛至全局最优，j = 22
******************第298帧估计成功!******************
real_s = 0.0056017 | estimat_s = 0.0055957
real_sigma = 0.00099436 | estimat_sigma = 0.0010001
real_k = 15.8774 | estimat_k = 15.6516
TrueCluster = 4 | estimat_cluster = 4
Iterations = 22 | empirical_KLD = 0.025323
************************************************
此帧用时为15.0878 seconds！
************************************************
拐点,7次迭代周期后启动判决，j = 6
判决冗余概率，删除聚类，j = 13
收敛，非全局最优，删除聚类，j = 16
收敛，非全局最优，删除聚类，j = 18
收敛，非全局最优，删除聚类，j = 19
收敛至全局最优，j = 20
******************第299帧估计成功!******************
real_s = 0.0055976 | estimat_s = 0.0056034
real_sigma = 0.00099957 | estimat_sigma = 0.0010031
real_k = 15.6834 | estimat_k = 15.6026
TrueCluster = 4 | estimat_cluster = 4
Iterations = 20 | empirical_KLD = 0.024506
************************************************
此帧用时为13.8558 seconds！
************************************************
收敛，非全局最优，删除聚类，j = 11
收敛，非全局最优，删除聚类，j = 13
收敛，非全局最优，删除聚类，j = 14
收敛，非全局最优，删除聚类，j = 15
收敛至全局最优，j = 18
******************第300帧估计成功!******************
real_s = 0.0056336 | estimat_s = 0.0056381
real_sigma = 0.0010027 | estimat_sigma = 0.0010074
real_k = 15.7885 | estimat_k = 15.6611
TrueCluster = 4 | estimat_cluster = 4
Iterations = 18 | empirical_KLD = 0.028032
************************************************
此帧用时为12.2321 seconds！
************************************************
拐点,7次迭代周期后启动判决，j = 7
判决冗余概率，但发现接近收敛，不删除聚类，j = 14
收敛，非全局最优，删除聚类，j = 18
收敛，非全局最优，删除聚类，j = 19
收敛，非全局最优，删除聚类，j = 20
收敛，非全局最优，删除聚类，j = 22
收敛至全局最优，j = 24
******************第301帧估计成功!******************
real_s = 0.0056699 | estimat_s = 0.0056641
real_sigma = 0.00099932 | estimat_sigma = 0.0010014
real_k = 16.0996 | estimat_k = 15.9956
TrueCluster = 4 | estimat_cluster = 4
Iterations = 24 | empirical_KLD = 0.026781
************************************************
此帧用时为16.413 seconds！
************************************************
拐点,7次迭代周期后启动判决，j = 8
判决冗余概率，但发现接近收敛，不删除聚类，j = 15
收敛，非全局最优，删除聚类，j = 19
收敛，非全局最优，删除聚类，j = 20
收敛，非全局最优，删除聚类，j = 22
收敛，非全局最优，删除聚类，j = 23
收敛至全局最优，j = 25
******************第302帧估计成功!******************
real_s = 0.0057038 | estimat_s = 0.0057091
real_sigma = 0.0010069 | estimat_sigma = 0.0010118
real_k = 16.0499 | estimat_k = 15.9205
TrueCluster = 4 | estimat_cluster = 4
Iterations = 25 | empirical_KLD = 0.029442
************************************************
此帧用时为16.9605 seconds！
************************************************
拐点,7次迭代周期后启动判决，j = 5
判决冗余概率，但发现接近收敛，不删除聚类，j = 12
收敛，非全局最优，删除聚类，j = 13
收敛，非全局最优，删除聚类，j = 15
收敛，非全局最优，删除聚类，j = 16
收敛，非全局最优，删除聚类，j = 17
收敛至全局最优，j = 20
******************第303帧估计成功!******************
real_s = 0.0057079 | estimat_s = 0.005724
real_sigma = 0.0010097 | estimat_sigma = 0.0010219
real_k = 15.9886 | estimat_k = 15.6879
TrueCluster = 4 | estimat_cluster = 4
Iterations = 20 | empirical_KLD = 0.028237
************************************************
此帧用时为13.8046 seconds！
************************************************
拐点,7次迭代周期后启动判决，j = 5
判决冗余概率，但发现接近收敛，不删除聚类，j = 12
收敛，非全局最优，删除聚类，j = 14
收敛，非全局最优，删除聚类，j = 15
收敛，非全局最优，删除聚类，j = 17
收敛，非全局最优，删除聚类，j = 18
收敛至全局最优，j = 20
******************第304帧估计成功!******************
real_s = 0.0057247 | estimat_s = 0.0057219
real_sigma = 0.0010044 | estimat_sigma = 0.0010004
real_k = 16.2588 | estimat_k = 16.3581
TrueCluster = 4 | estimat_cluster = 4
Iterations = 20 | empirical_KLD = 0.02804
************************************************
此帧用时为14.0026 seconds！
************************************************
收敛，非全局最优，删除聚类，j = 11
收敛，非全局最优，删除聚类，j = 13
收敛，非全局最优，删除聚类，j = 14
收敛，非全局最优，删除聚类，j = 15
收敛至全局最优，j = 17
******************第305帧估计成功!******************
real_s = 0.0057431 | estimat_s = 0.0057571
real_sigma = 0.00099902 | estimat_sigma = 0.0009912
real_k = 16.5553 | estimat_k = 16.8677
TrueCluster = 4 | estimat_cluster = 4
Iterations = 17 | empirical_KLD = 0.0264
************************************************
此帧用时为11.6891 seconds！
************************************************
拐点,7次迭代周期后启动判决，j = 7
判决冗余概率，但发现接近收敛，不删除聚类，j = 14
收敛，非全局最优，删除聚类，j = 15
收敛，非全局最优，删除聚类，j = 16
收敛，非全局最优，删除聚类，j = 17
收敛，非全局最优，删除聚类，j = 18
收敛至全局最优，j = 20
******************第306帧估计成功!******************
real_s = 0.0057427 | estimat_s = 0.0057348
real_sigma = 0.0010061 | estimat_sigma = 0.00099532
real_k = 16.3286 | estimat_k = 16.599
TrueCluster = 4 | estimat_cluster = 4
Iterations = 20 | empirical_KLD = 0.028374
************************************************
此帧用时为14.0737 seconds！
************************************************
拐点,7次迭代周期后启动判决，j = 8
判决冗余概率，但发现接近收敛，不删除聚类，j = 15
收敛，非全局最优，删除聚类，j = 16
收敛，非全局最优，删除聚类，j = 17
收敛，非全局最优，删除聚类，j = 18
收敛，非全局最优，删除聚类，j = 19
收敛至全局最优，j = 21
******************第307帧估计成功!******************
real_s = 0.005722 | estimat_s = 0.0057133
real_sigma = 0.0010035 | estimat_sigma = 0.0010023
real_k = 16.292 | estimat_k = 16.2458
TrueCluster = 4 | estimat_cluster = 4
Iterations = 21 | empirical_KLD = 0.024727
************************************************
此帧用时为14.9061 seconds！
************************************************
收敛，非全局最优，删除聚类，j = 15
收敛，非全局最优，删除聚类，j = 16
收敛，非全局最优，删除聚类，j = 17
收敛，非全局最优，删除聚类，j = 18
收敛至全局最优，j = 19
******************第308帧估计成功!******************
real_s = 0.0057186 | estimat_s = 0.0057132
real_sigma = 0.0010091 | estimat_sigma = 0.0010135
real_k = 16.1128 | estimat_k = 15.8888
TrueCluster = 4 | estimat_cluster = 4
Iterations = 19 | empirical_KLD = 0.022741
************************************************
此帧用时为13.6197 seconds！
************************************************
收敛，非全局最优，删除聚类，j = 18
收敛，非全局最优，删除聚类，j = 20
收敛，非全局最优，删除聚类，j = 21
收敛，非全局最优，删除聚类，j = 22
收敛至全局最优，j = 24
******************第309帧估计成功!******************
real_s = 0.00572 | estimat_s = 0.0057181
real_sigma = 0.0010192 | estimat_sigma = 0.0010163
real_k = 15.7928 | estimat_k = 15.8276
TrueCluster = 4 | estimat_cluster = 4
Iterations = 24 | empirical_KLD = 0.027924
************************************************
此帧用时为16.7131 seconds！
************************************************
收敛，非全局最优，删除聚类，j = 11
收敛，非全局最优，删除聚类，j = 12
收敛，非全局最优，删除聚类，j = 13
收敛，非全局最优，删除聚类，j = 14
收敛至全局最优，j = 16
******************第310帧估计成功!******************
real_s = 0.0057064 | estimat_s = 0.0056872
real_sigma = 0.0010226 | estimat_sigma = 0.0010264
real_k = 15.5923 | estimat_k = 15.3504
TrueCluster = 4 | estimat_cluster = 4
Iterations = 16 | empirical_KLD = 0.023931
************************************************
此帧用时为11.5155 seconds！
************************************************
拐点,7次迭代周期后启动判决，j = 5
判决冗余概率，但发现接近收敛，不删除聚类，j = 12
收敛，非全局最优，删除聚类，j = 15
收敛，非全局最优，删除聚类，j = 17
收敛，非全局最优，删除聚类，j = 18
收敛，非全局最优，删除聚类，j = 19
收敛至全局最优，j = 21
******************第311帧估计成功!******************
real_s = 0.0057018 | estimat_s = 0.0056847
real_sigma = 0.0010207 | estimat_sigma = 0.0010297
real_k = 15.6237 | estimat_k = 15.2389
TrueCluster = 4 | estimat_cluster = 4
Iterations = 21 | empirical_KLD = 0.024399
************************************************
此帧用时为14.7966 seconds！
************************************************
拐点,7次迭代周期后启动判决，j = 7
判决冗余概率，但发现接近收敛，不删除聚类，j = 14
收敛，非全局最优，删除聚类，j = 19
收敛，非全局最优，删除聚类，j = 21
收敛，非全局最优，删除聚类，j = 22
收敛，非全局最优，删除聚类，j = 23
收敛至全局最优，j = 25
******************第312帧估计成功!******************
real_s = 0.0057103 | estimat_s = 0.0057152
real_sigma = 0.0010278 | estimat_sigma = 0.0010209
real_k = 15.4616 | estimat_k = 15.6687
TrueCluster = 4 | estimat_cluster = 4
Iterations = 25 | empirical_KLD = 0.03034
************************************************
此帧用时为17.3661 seconds！
************************************************
拐点,7次迭代周期后启动判决，j = 8
判决冗余概率，但发现接近收敛，不删除聚类，j = 15
收敛，非全局最优，删除聚类，j = 22
收敛，非全局最优，删除聚类，j = 24
收敛，非全局最优，删除聚类，j = 25
收敛，非全局最优，删除聚类，j = 26
收敛至全局最优，j = 28
******************第313帧估计成功!******************
real_s = 0.0057187 | estimat_s = 0.0057377
real_sigma = 0.0010261 | estimat_sigma = 0.0010254
real_k = 15.5539 | estimat_k = 15.6539
TrueCluster = 4 | estimat_cluster = 4
Iterations = 28 | empirical_KLD = 0.028326
************************************************
此帧用时为19.3634 seconds！
************************************************
拐点,7次迭代周期后启动判决，j = 11
判决冗余概率，但发现接近收敛，不删除聚类，j = 18
收敛，非全局最优，删除聚类，j = 22
收敛，非全局最优，删除聚类，j = 23
收敛，非全局最优，删除聚类，j = 25
收敛，非全局最优，删除聚类，j = 26
收敛至全局最优，j = 27
******************第314帧估计成功!******************
real_s = 0.0057157 | estimat_s = 0.0057052
real_sigma = 0.0010156 | estimat_sigma = 0.0010176
real_k = 15.8773 | estimat_k = 15.7178
TrueCluster = 4 | estimat_cluster = 4
Iterations = 27 | empirical_KLD = 0.027309
************************************************
此帧用时为18.5229 seconds！
************************************************
拐点,7次迭代周期后启动判决，j = 7
判决冗余概率，但发现接近收敛，不删除聚类，j = 14
收敛，非全局最优，删除聚类，j = 15
收敛，非全局最优，删除聚类，j = 17
收敛，非全局最优，删除聚类，j = 18
收敛，非全局最优，删除聚类，j = 19
收敛至全局最优，j = 21
******************第315帧估计成功!******************
real_s = 0.0057082 | estimat_s = 0.00571
real_sigma = 0.0010175 | estimat_sigma = 0.0010097
real_k = 15.7705 | estimat_k = 15.9903
TrueCluster = 4 | estimat_cluster = 4
Iterations = 21 | empirical_KLD = 0.028814
************************************************
此帧用时为14.8596 seconds！
************************************************
拐点,7次迭代周期后启动判决，j = 7
判决冗余概率，删除聚类，j = 14
收敛，非全局最优，删除聚类，j = 16
收敛，非全局最优，删除聚类，j = 17
收敛，非全局最优，删除聚类，j = 19
收敛至全局最优，j = 21
******************第316帧估计成功!******************
real_s = 0.0057192 | estimat_s = 0.0057371
real_sigma = 0.0010128 | estimat_sigma = 0.0010149
real_k = 15.986 | estimat_k = 15.9767
TrueCluster = 4 | estimat_cluster = 4
Iterations = 21 | empirical_KLD = 0.025502
************************************************
此帧用时为14.3913 seconds！
************************************************
拐点,7次迭代周期后启动判决，j = 9
判决冗余概率，但发现接近收敛，不删除聚类，j = 16
收敛，非全局最优，删除聚类，j = 17
收敛，非全局最优，删除聚类，j = 18
收敛，非全局最优，删除聚类，j = 19
收敛，非全局最优，删除聚类，j = 20
收敛至全局最优，j = 22
******************第317帧估计成功!******************
real_s = 0.0057137 | estimat_s = 0.0057092
real_sigma = 0.0010044 | estimat_sigma = 0.0010102
real_k = 16.2056 | estimat_k = 15.971
TrueCluster = 4 | estimat_cluster = 4
Iterations = 22 | empirical_KLD = 0.023368
************************************************
此帧用时为15.5134 seconds！
************************************************
收敛，非全局最优，删除聚类，j = 15
收敛，非全局最优，删除聚类，j = 16
收敛，非全局最优，删除聚类，j = 17
收敛，非全局最优，删除聚类，j = 18
收敛至全局最优，j = 20
******************第318帧估计成功!******************
real_s = 0.0057029 | estimat_s = 0.0057055
real_sigma = 0.0010055 | estimat_sigma = 0.0010101
real_k = 16.1163 | estimat_k = 15.9534
TrueCluster = 4 | estimat_cluster = 4
Iterations = 20 | empirical_KLD = 0.026304
************************************************
此帧用时为14.1228 seconds！
************************************************
拐点,7次迭代周期后启动判决，j = 12
判决冗余概率，但发现接近收敛，不删除聚类，j = 19
收敛，非全局最优，删除聚类，j = 20
收敛，非全局最优，删除聚类，j = 21
收敛，非全局最优，删除聚类，j = 22
收敛，非全局最优，删除聚类，j = 23
收敛至全局最优，j = 24
******************第319帧估计成功!******************
real_s = 0.0056917 | estimat_s = 0.0056933
real_sigma = 0.0010087 | estimat_sigma = 0.0010113
real_k = 15.9424 | estimat_k = 15.8466
TrueCluster = 4 | estimat_cluster = 4
Iterations = 24 | empirical_KLD = 0.026582
************************************************
此帧用时为16.9037 seconds！
************************************************
拐点,7次迭代周期后启动判决，j = 6
判决冗余概率，但发现接近收敛，不删除聚类，j = 13
收敛，非全局最优，删除聚类，j = 16
收敛，非全局最优，删除聚类，j = 17
收敛，非全局最优，删除聚类，j = 18
收敛，非全局最优，删除聚类，j = 19
收敛至全局最优，j = 20
******************第320帧估计成功!******************
real_s = 0.0056785 | estimat_s = 0.005662
real_sigma = 0.0010098 | estimat_sigma = 0.001012
real_k = 15.8332 | estimat_k = 15.6524
TrueCluster = 4 | estimat_cluster = 4
Iterations = 20 | empirical_KLD = 0.023462
************************************************
此帧用时为13.9751 seconds！
************************************************
收敛，非全局最优，删除聚类，j = 14
收敛，非全局最优，删除聚类，j = 16
收敛，非全局最优，删除聚类，j = 17
收敛，非全局最优，删除聚类，j = 18
收敛至全局最优，j = 20
******************第321帧估计成功!******************
real_s = 0.0056511 | estimat_s = 0.0056567
real_sigma = 0.0010167 | estimat_sigma = 0.0010211
real_k = 15.4658 | estimat_k = 15.346
TrueCluster = 4 | estimat_cluster = 4
Iterations = 20 | empirical_KLD = 0.025802
************************************************
此帧用时为14.0519 seconds！
************************************************
收敛，非全局最优，删除聚类，j = 17
收敛，非全局最优，删除聚类，j = 19
收敛，非全局最优，删除聚类，j = 20
收敛，非全局最优，删除聚类，j = 21
收敛至全局最优，j = 23
******************第322帧估计成功!******************
real_s = 0.0056546 | estimat_s = 0.0056678
real_sigma = 0.0010175 | estimat_sigma = 0.0010212
real_k = 15.459 | estimat_k = 15.4015
TrueCluster = 4 | estimat_cluster = 4
Iterations = 23 | empirical_KLD = 0.025385
************************************************
此帧用时为16.4637 seconds！
************************************************
收敛，非全局最优，删除聚类，j = 14
收敛，非全局最优，删除聚类，j = 16
收敛，非全局最优，删除聚类，j = 17
收敛，非全局最优，删除聚类，j = 18
收敛至全局最优，j = 20
******************第323帧估计成功!******************
real_s = 0.0056739 | estimat_s = 0.0056713
real_sigma = 0.0010039 | estimat_sigma = 0.0010033
real_k = 15.9934 | estimat_k = 15.9768
TrueCluster = 4 | estimat_cluster = 4
Iterations = 20 | empirical_KLD = 0.026656
************************************************
此帧用时为14.188 seconds！
************************************************
收敛，非全局最优，删除聚类，j = 14
收敛，非全局最优，删除聚类，j = 15
收敛，非全局最优，删除聚类，j = 17
收敛，非全局最优，删除聚类，j = 18
收敛至全局最优，j = 19
******************第324帧估计成功!******************
real_s = 0.0056783 | estimat_s = 0.0056785
real_sigma = 0.00099756 | estimat_sigma = 0.00099913
real_k = 16.2376 | estimat_k = 16.1507
TrueCluster = 4 | estimat_cluster = 4
Iterations = 19 | empirical_KLD = 0.02507
************************************************
此帧用时为13.4241 seconds！
************************************************
拐点,7次迭代周期后启动判决，j = 7
判决冗余概率，但发现接近收敛，不删除聚类，j = 14
收敛，非全局最优，删除聚类，j = 15
收敛，非全局最优，删除聚类，j = 16
收敛，非全局最优，删除聚类，j = 17
收敛，非全局最优，删除聚类，j = 18
收敛至全局最优，j = 20
******************第325帧估计成功!******************
real_s = 0.0056842 | estimat_s = 0.0056895
real_sigma = 0.00099753 | estimat_sigma = 0.00099236
real_k = 16.2717 | estimat_k = 16.4352
TrueCluster = 4 | estimat_cluster = 4
Iterations = 20 | empirical_KLD = 0.024563
************************************************
此帧用时为14.0431 seconds！
************************************************
拐点,7次迭代周期后启动判决，j = 5
判决冗余概率，但发现接近收敛，不删除聚类，j = 12
收敛，非全局最优，删除聚类，j = 13
收敛，非全局最优，删除聚类，j = 14
收敛，非全局最优，删除聚类，j = 15
收敛，非全局最优，删除聚类，j = 16
收敛至全局最优，j = 18
******************第326帧估计成功!******************
real_s = 0.005685 | estimat_s = 0.005665
real_sigma = 0.0009913 | estimat_sigma = 0.00099803
real_k = 16.4655 | estimat_k = 16.1097
TrueCluster = 4 | estimat_cluster = 4
Iterations = 18 | empirical_KLD = 0.023869
************************************************
此帧用时为12.8126 seconds！
************************************************
收敛，非全局最优，删除聚类，j = 16
收敛，非全局最优，删除聚类，j = 17
收敛，非全局最优，删除聚类，j = 18
收敛，非全局最优，删除聚类，j = 19
收敛至全局最优，j = 21
******************第327帧估计成功!******************
real_s = 0.0056863 | estimat_s = 0.0056839
real_sigma = 0.00098205 | estimat_sigma = 0.00098433
real_k = 16.7818 | estimat_k = 16.6718
TrueCluster = 4 | estimat_cluster = 4
Iterations = 21 | empirical_KLD = 0.025952
************************************************
此帧用时为14.852 seconds！
************************************************
拐点,7次迭代周期后启动判决，j = 6
判决冗余概率，但发现接近收敛，不删除聚类，j = 13
收敛，非全局最优，删除聚类，j = 15
收敛，非全局最优，删除聚类，j = 17
收敛，非全局最优，删除聚类，j = 19
收敛，非全局最优，删除聚类，j = 20
收敛至全局最优，j = 22
******************第328帧估计成功!******************
real_s = 0.0056795 | estimat_s = 0.0056804
real_sigma = 0.00098327 | estimat_sigma = 0.00098427
real_k = 16.699 | estimat_k = 16.6534
TrueCluster = 4 | estimat_cluster = 4
Iterations = 22 | empirical_KLD = 0.025272
************************************************
此帧用时为15.7458 seconds！
************************************************
拐点,7次迭代周期后启动判决，j = 4
判决冗余概率，但发现接近收敛，不删除聚类，j = 11
收敛，非全局最优，删除聚类，j = 17
收敛，非全局最优，删除聚类，j = 19
收敛，非全局最优，删除聚类，j = 20
收敛，非全局最优，删除聚类，j = 22
收敛至全局最优，j = 24
******************第329帧估计成功!******************
real_s = 0.0057019 | estimat_s = 0.0057016
real_sigma = 0.0009893 | estimat_sigma = 0.00098692
real_k = 16.6209 | estimat_k = 16.6879
TrueCluster = 4 | estimat_cluster = 4
Iterations = 24 | empirical_KLD = 0.025097
************************************************
此帧用时为17.0076 seconds！
************************************************
收敛，非全局最优，删除聚类，j = 15
收敛，非全局最优，删除聚类，j = 16
收敛，非全局最优，删除聚类，j = 18
收敛，非全局最优，删除聚类，j = 19
收敛至全局最优，j = 20
******************第330帧估计成功!******************
real_s = 0.0057106 | estimat_s = 0.0057088
real_sigma = 0.00098784 | estimat_sigma = 0.00098571
real_k = 16.7175 | estimat_k = 16.7713
TrueCluster = 4 | estimat_cluster = 4
Iterations = 20 | empirical_KLD = 0.026059
************************************************
此帧用时为14.5437 seconds！
************************************************
收敛，非全局最优，删除聚类，j = 15
收敛，非全局最优，删除聚类，j = 17
收敛，非全局最优，删除聚类，j = 18
收敛，非全局最优，删除聚类，j = 19
收敛至全局最优，j = 21
******************第331帧估计成功!******************
real_s = 0.0057438 | estimat_s = 0.0057476
real_sigma = 0.00099349 | estimat_sigma = 0.00098874
real_k = 16.7252 | estimat_k = 16.8959
TrueCluster = 4 | estimat_cluster = 4
Iterations = 21 | empirical_KLD = 0.02704
************************************************
此帧用时为15.016 seconds！
************************************************
拐点,7次迭代周期后启动判决，j = 7
判决冗余概率，但发现接近收敛，不删除聚类，j = 14
收敛，非全局最优，删除聚类，j = 17
收敛，非全局最优，删除聚类，j = 18
收敛，非全局最优，删除聚类，j = 20
收敛，非全局最优，删除聚类，j = 21
收敛至全局最优，j = 23
******************第332帧估计成功!******************
real_s = 0.0057565 | estimat_s = 0.0057764
real_sigma = 0.0010047 | estimat_sigma = 0.001004
real_k = 16.4243 | estimat_k = 16.5516
TrueCluster = 4 | estimat_cluster = 4
Iterations = 23 | empirical_KLD = 0.025851
************************************************
此帧用时为15.992 seconds！
************************************************
收敛，非全局最优，删除聚类，j = 20
收敛，非全局最优，删除聚类，j = 22
收敛，非全局最优，删除聚类，j = 23
收敛，非全局最优，删除聚类，j = 24
收敛至全局最优，j = 26
******************第333帧估计成功!******************
real_s = 0.0057923 | estimat_s = 0.005783
real_sigma = 0.0010032 | estimat_sigma = 0.0010022
real_k = 16.6959 | estimat_k = 16.6479
TrueCluster = 4 | estimat_cluster = 4
Iterations = 26 | empirical_KLD = 0.026462
************************************************
此帧用时为18.3242 seconds！
************************************************
拐点,7次迭代周期后启动判决，j = 11
判决冗余概率，但发现接近收敛，不删除聚类，j = 18
收敛，非全局最优，删除聚类，j = 24
收敛，非全局最优，删除聚类，j = 25
收敛，非全局最优，删除聚类，j = 26
收敛，非全局最优，删除聚类，j = 27
收敛至全局最优，j = 29
******************第334帧估计成功!******************
real_s = 0.0057916 | estimat_s = 0.0057873
real_sigma = 0.00099013 | estimat_sigma = 0.00098608
real_k = 17.1874 | estimat_k = 17.2226
TrueCluster = 4 | estimat_cluster = 4
Iterations = 29 | empirical_KLD = 0.024931
************************************************
此帧用时为20.5908 seconds！
************************************************
收敛，非全局最优，删除聚类，j = 15
收敛，非全局最优，删除聚类，j = 17
收敛，非全局最优，删除聚类，j = 18
收敛，非全局最优，删除聚类，j = 19
收敛至全局最优，j = 21
******************第335帧估计成功!******************
real_s = 0.0057853 | estimat_s = 0.0057773
real_sigma = 0.00099365 | estimat_sigma = 0.00098867
real_k = 17.0396 | estimat_k = 17.0734
TrueCluster = 4 | estimat_cluster = 4
Iterations = 21 | empirical_KLD = 0.024112
************************************************
此帧用时为15.0168 seconds！
************************************************
拐点,7次迭代周期后启动判决，j = 8
判决冗余概率，但发现接近收敛，不删除聚类，j = 15
收敛，非全局最优，删除聚类，j = 19
收敛，非全局最优，删除聚类，j = 21
收敛，非全局最优，删除聚类，j = 22
收敛，非全局最优，删除聚类，j = 23
收敛至全局最优，j = 25
******************第336帧估计成功!******************
real_s = 0.0057575 | estimat_s = 0.005751
real_sigma = 0.00099416 | estimat_sigma = 0.00098318
real_k = 16.8735 | estimat_k = 17.1076
TrueCluster = 4 | estimat_cluster = 4
Iterations = 25 | empirical_KLD = 0.027738
************************************************
此帧用时为17.8246 seconds！
************************************************
拐点,7次迭代周期后启动判决，j = 8
判决冗余概率，但发现接近收敛，不删除聚类，j = 15
收敛，非全局最优，删除聚类，j = 17
收敛，非全局最优，删除聚类，j = 18
收敛，非全局最优，删除聚类，j = 19
收敛，非全局最优，删除聚类，j = 20
收敛至全局最优，j = 22
******************第337帧估计成功!******************
real_s = 0.0057328 | estimat_s = 0.005741
real_sigma = 0.00098833 | estimat_sigma = 0.00098779
real_k = 16.919 | estimat_k = 16.8898
TrueCluster = 4 | estimat_cluster = 4
Iterations = 22 | empirical_KLD = 0.028631
************************************************
此帧用时为15.8191 seconds！
************************************************
收敛，非全局最优，删除聚类，j = 16
收敛，非全局最优，删除聚类，j = 18
收敛，非全局最优，删除聚类，j = 20
收敛，非全局最优，删除聚类，j = 21
收敛至全局最优，j = 22
******************第338帧估计成功!******************
real_s = 0.0056814 | estimat_s = 0.0056861
real_sigma = 0.00099144 | estimat_sigma = 0.000995
real_k = 16.505 | estimat_k = 16.3288
TrueCluster = 4 | estimat_cluster = 4
Iterations = 22 | empirical_KLD = 0.028816
************************************************
此帧用时为15.8027 seconds！
************************************************
拐点,7次迭代周期后启动判决，j = 9
判决冗余概率，但发现接近收敛，不删除聚类，j = 16
收敛，非全局最优，删除聚类，j = 20
收敛，非全局最优，删除聚类，j = 21
收敛，非全局最优，删除聚类，j = 22
收敛，非全局最优，删除聚类，j = 23
收敛至全局最优，j = 25
******************第339帧估计成功!******************
real_s = 0.0056471 | estimat_s = 0.0056281
real_sigma = 0.0010012 | estimat_sigma = 0.00099898
real_k = 15.9175 | estimat_k = 15.8699
TrueCluster = 4 | estimat_cluster = 4
Iterations = 25 | empirical_KLD = 0.028241
************************************************
此帧用时为17.7724 seconds！
************************************************
收敛，非全局最优，删除聚类，j = 14
收敛，非全局最优，删除聚类，j = 16
收敛，非全局最优，删除聚类，j = 17
收敛，非全局最优，删除聚类，j = 18
收敛至全局最优，j = 20
******************第340帧估计成功!******************
real_s = 0.0056546 | estimat_s = 0.0056625
real_sigma = 0.00098535 | estimat_sigma = 0.00099214
real_k = 16.5236 | estimat_k = 16.2868
TrueCluster = 4 | estimat_cluster = 4
Iterations = 20 | empirical_KLD = 0.022847
************************************************
此帧用时为14.3923 seconds！
************************************************
收敛，非全局最优，删除聚类，j = 16
收敛，非全局最优，删除聚类，j = 18
收敛，非全局最优，删除聚类，j = 19
收敛，非全局最优，删除聚类，j = 20
收敛至全局最优，j = 22
******************第341帧估计成功!******************
real_s = 0.0056665 | estimat_s = 0.0057024
real_sigma = 0.00097479 | estimat_sigma = 0.00097226
real_k = 16.9299 | estimat_k = 17.1996
TrueCluster = 4 | estimat_cluster = 4
Iterations = 22 | empirical_KLD = 0.026715
************************************************
此帧用时为15.9957 seconds！
************************************************
拐点,7次迭代周期后启动判决，j = 6
判决冗余概率，但发现接近收敛，不删除聚类，j = 13
收敛，非全局最优，删除聚类，j = 14
收敛，非全局最优，删除聚类，j = 15
收敛，非全局最优，删除聚类，j = 16
收敛，非全局最优，删除聚类，j = 17
收敛至全局最优，j = 19
******************第342帧估计成功!******************
real_s = 0.0056945 | estimat_s = 0.0057004
real_sigma = 0.00096984 | estimat_sigma = 0.0009652
real_k = 17.2668 | estimat_k = 17.4401
TrueCluster = 4 | estimat_cluster = 4
Iterations = 19 | empirical_KLD = 0.029962
************************************************
此帧用时为13.9594 seconds！
************************************************
收敛，非全局最优，删除聚类，j = 10
收敛，非全局最优，删除聚类，j = 12
收敛，非全局最优，删除聚类，j = 13
收敛，非全局最优，删除聚类，j = 14
收敛至全局最优，j = 16
******************第343帧估计成功!******************
real_s = 0.0057274 | estimat_s = 0.0057302
real_sigma = 0.00096693 | estimat_sigma = 0.00096451
real_k = 17.5603 | estimat_k = 17.6483
TrueCluster = 4 | estimat_cluster = 4
Iterations = 16 | empirical_KLD = 0.028972
************************************************
此帧用时为12.1162 seconds！
************************************************
收敛，非全局最优，删除聚类，j = 16
收敛，非全局最优，删除聚类，j = 18
收敛，非全局最优，删除聚类，j = 19
收敛，非全局最优，删除聚类，j = 20
收敛至全局最优，j = 22
******************第344帧估计成功!******************
real_s = 0.0057497 | estimat_s = 0.0057539
real_sigma = 0.00097677 | estimat_sigma = 0.00097844
real_k = 17.37 | estimat_k = 17.2916
TrueCluster = 4 | estimat_cluster = 4
Iterations = 22 | empirical_KLD = 0.034905
************************************************
此帧用时为16.3094 seconds！
************************************************
拐点,7次迭代周期后启动判决，j = 6
判决冗余概率，但发现接近收敛，不删除聚类，j = 13
收敛，非全局最优，删除聚类，j = 14
收敛，非全局最优，删除聚类，j = 15
收敛，非全局最优，删除聚类，j = 16
收敛，非全局最优，删除聚类，j = 17
收敛至全局最优，j = 19
******************第345帧估计成功!******************
real_s = 0.0057565 | estimat_s = 0.005754
real_sigma = 0.00098924 | estimat_sigma = 0.00098571
real_k = 16.9556 | estimat_k = 17.038
TrueCluster = 4 | estimat_cluster = 4
Iterations = 19 | empirical_KLD = 0.027008
************************************************
此帧用时为13.7699 seconds！
************************************************
拐点,7次迭代周期后启动判决，j = 9
判决冗余概率，但发现接近收敛，不删除聚类，j = 16
收敛，非全局最优，删除聚类，j = 17
收敛，非全局最优，删除聚类，j = 18
收敛，非全局最优，删除聚类，j = 19
收敛，非全局最优，删除聚类，j = 20
收敛至全局最优，j = 22
******************第346帧估计成功!******************
real_s = 0.0057433 | estimat_s = 0.0057378
real_sigma = 0.00099074 | estimat_sigma = 0.00099241
real_k = 16.8257 | estimat_k = 16.714
TrueCluster = 4 | estimat_cluster = 4
Iterations = 22 | empirical_KLD = 0.028
************************************************
此帧用时为15.9367 seconds！
************************************************
收敛，非全局最优，删除聚类，j = 18
收敛，非全局最优，删除聚类，j = 20
收敛，非全局最优，删除聚类，j = 21
收敛，非全局最优，删除聚类，j = 22
收敛至全局最优，j = 24
******************第347帧估计成功!******************
real_s = 0.0057278 | estimat_s = 0.0057394
real_sigma = 0.001001 | estimat_sigma = 0.0010098
real_k = 16.3921 | estimat_k = 16.1527
TrueCluster = 4 | estimat_cluster = 4
Iterations = 24 | empirical_KLD = 0.02699
************************************************
此帧用时为17.1955 seconds！
************************************************
收敛，非全局最优，删除聚类，j = 15
收敛，非全局最优，删除聚类，j = 17
收敛，非全局最优，删除聚类，j = 19
收敛，非全局最优，删除聚类，j = 20
收敛至全局最优，j = 22
******************第348帧估计成功!******************
real_s = 0.0056838 | estimat_s = 0.0056917
real_sigma = 0.00099026 | estimat_sigma = 0.00099142
real_k = 16.5196 | estimat_k = 16.4792
TrueCluster = 4 | estimat_cluster = 4
Iterations = 22 | empirical_KLD = 0.025723
************************************************
此帧用时为15.5609 seconds！
************************************************
拐点,7次迭代周期后启动判决，j = 7
判决冗余概率，但发现接近收敛，不删除聚类，j = 14
收敛，非全局最优，删除聚类，j = 15
收敛，非全局最优，删除聚类，j = 17
收敛，非全局最优，删除聚类，j = 18
收敛，非全局最优，删除聚类，j = 19
收敛至全局最优，j = 21
******************第349帧估计成功!******************
real_s = 0.0056594 | estimat_s = 0.00564
real_sigma = 0.00098627 | estimat_sigma = 0.00098145
real_k = 16.5083 | estimat_k = 16.512
TrueCluster = 4 | estimat_cluster = 4
Iterations = 21 | empirical_KLD = 0.03039
************************************************
此帧用时为15.5487 seconds！
************************************************
收敛，非全局最优，删除聚类，j = 15
收敛，非全局最优，删除聚类，j = 17
收敛，非全局最优，删除聚类，j = 18
收敛，非全局最优，删除聚类，j = 19
收敛至全局最优，j = 21
******************第350帧估计成功!******************
real_s = 0.0056233 | estimat_s = 0.0056373
real_sigma = 0.00098782 | estimat_sigma = 0.00099134
real_k = 16.2545 | estimat_k = 16.1681
TrueCluster = 4 | estimat_cluster = 4
Iterations = 21 | empirical_KLD = 0.024294
************************************************
此帧用时为15.3194 seconds！
************************************************
拐点,7次迭代周期后启动判决，j = 5
判决冗余概率，删除聚类，j = 12
收敛，非全局最优，删除聚类，j = 23
收敛，非全局最优，删除聚类，j = 25
收敛，非全局最优，删除聚类，j = 26
收敛至全局最优，j = 28
******************第351帧估计成功!******************
real_s = 0.0056203 | estimat_s = 0.0056185
real_sigma = 0.00099159 | estimat_sigma = 0.0010007
real_k = 16.1146 | estimat_k = 15.7625
TrueCluster = 4 | estimat_cluster = 4
Iterations = 28 | empirical_KLD = 0.024096
************************************************
此帧用时为19.6878 seconds！
************************************************
收敛，非全局最优，删除聚类，j = 10
收敛，非全局最优，删除聚类，j = 12
收敛，非全局最优，删除聚类，j = 13
收敛，非全局最优，删除聚类，j = 14
收敛至全局最优，j = 16
******************第352帧估计成功!******************
real_s = 0.005596 | estimat_s = 0.0055939
real_sigma = 0.00099186 | estimat_sigma = 0.00098501
real_k = 15.9755 | estimat_k = 16.1257
TrueCluster = 4 | estimat_cluster = 4
Iterations = 16 | empirical_KLD = 0.024963
************************************************
此帧用时为11.7799 seconds！
************************************************
收敛，非全局最优，删除聚类，j = 11
收敛，非全局最优，删除聚类，j = 13
收敛，非全局最优，删除聚类，j = 14
收敛，非全局最优，删除聚类，j = 15
收敛至全局最优，j = 17
******************第353帧估计成功!******************
real_s = 0.0056099 | estimat_s = 0.0056127
real_sigma = 0.0010119 | estimat_sigma = 0.0010015
real_k = 15.372 | estimat_k = 15.705
TrueCluster = 4 | estimat_cluster = 4
Iterations = 17 | empirical_KLD = 0.028479
************************************************
此帧用时为12.691 seconds！
************************************************
拐点,7次迭代周期后启动判决，j = 7
判决冗余概率，但发现接近收敛，不删除聚类，j = 14
收敛，非全局最优，删除聚类，j = 15
收敛，非全局最优，删除聚类，j = 16
收敛，非全局最优，删除聚类，j = 17
收敛，非全局最优，删除聚类，j = 19
收敛至全局最优，j = 21
******************第354帧估计成功!******************
real_s = 0.0056234 | estimat_s = 0.0056179
real_sigma = 0.0010072 | estimat_sigma = 0.0010133
real_k = 15.6024 | estimat_k = 15.3698
TrueCluster = 4 | estimat_cluster = 4
Iterations = 21 | empirical_KLD = 0.025325
************************************************
此帧用时为15.2032 seconds！
************************************************
收敛，非全局最优，删除聚类，j = 14
收敛，非全局最优，删除聚类，j = 15
收敛，非全局最优，删除聚类，j = 17
收敛，非全局最优，删除聚类，j = 18
收敛至全局最优，j = 20
******************第355帧估计成功!******************
real_s = 0.005636 | estimat_s = 0.0056479
real_sigma = 0.00099642 | estimat_sigma = 0.00099947
real_k = 16.0386 | estimat_k = 15.9663
TrueCluster = 4 | estimat_cluster = 4
Iterations = 20 | empirical_KLD = 0.025224
************************************************
此帧用时为14.5268 seconds！
************************************************
拐点,7次迭代周期后启动判决，j = 9
判决冗余概率，删除聚类，j = 16
收敛，非全局最优，删除聚类，j = 18
收敛，非全局最优，删除聚类，j = 19
收敛，非全局最优，删除聚类，j = 20
收敛至全局最优，j = 22
******************第356帧估计成功!******************
real_s = 0.005667 | estimat_s = 0.0056668
real_sigma = 0.00099293 | estimat_sigma = 0.00099589
real_k = 16.3337 | estimat_k = 16.1892
TrueCluster = 4 | estimat_cluster = 4
Iterations = 22 | empirical_KLD = 0.028794
************************************************
此帧用时为16.1433 seconds！
************************************************
收敛，非全局最优，删除聚类，j = 12
收敛，非全局最优，删除聚类，j = 13
收敛，非全局最优，删除聚类，j = 14
收敛，非全局最优，删除聚类，j = 15
收敛至全局最优，j = 17
******************第357帧估计成功!******************
real_s = 0.0056799 | estimat_s = 0.0056644
real_sigma = 0.00099201 | estimat_sigma = 0.00099958
real_k = 16.4305 | estimat_k = 16.056
TrueCluster = 4 | estimat_cluster = 4
Iterations = 17 | empirical_KLD = 0.028654
************************************************
此帧用时为12.8138 seconds！
************************************************
收敛，非全局最优，删除聚类，j = 17
收敛，非全局最优，删除聚类，j = 19
收敛，非全局最优，删除聚类，j = 20
收敛，非全局最优，删除聚类，j = 22
收敛至全局最优，j = 24
******************第358帧估计成功!******************
real_s = 0.0056844 | estimat_s = 0.0056778
real_sigma = 0.0010018 | estimat_sigma = 0.0010007
real_k = 16.1829 | estimat_k = 16.0967
TrueCluster = 4 | estimat_cluster = 4
Iterations = 24 | empirical_KLD = 0.023488
************************************************
此帧用时为17.1869 seconds！
************************************************
拐点,7次迭代周期后启动判决，j = 9
判决冗余概率，但发现接近收敛，不删除聚类，j = 16
收敛，非全局最优，删除聚类，j = 17
收敛，非全局最优，删除聚类，j = 18
收敛，非全局最优，删除聚类，j = 20
收敛，非全局最优，删除聚类，j = 21
收敛至全局最优，j = 23
******************第359帧估计成功!******************
real_s = 0.0056707 | estimat_s = 0.0056699
real_sigma = 0.0010027 | estimat_sigma = 0.0010016
real_k = 16.0704 | estimat_k = 16.0233
TrueCluster = 4 | estimat_cluster = 4
Iterations = 23 | empirical_KLD = 0.02682
************************************************
此帧用时为16.7042 seconds！
************************************************
收敛，非全局最优，删除聚类，j = 14
收敛，非全局最优，删除聚类，j = 15
收敛，非全局最优，删除聚类，j = 16
收敛，非全局最优，删除聚类，j = 17
收敛至全局最优，j = 19
******************第360帧估计成功!******************
real_s = 0.0056463 | estimat_s = 0.0056547
real_sigma = 0.0010069 | estimat_sigma = 0.001006
real_k = 15.7776 | estimat_k = 15.7988
TrueCluster = 4 | estimat_cluster = 4
Iterations = 19 | empirical_KLD = 0.029161
************************************************
此帧用时为14.2124 seconds！
************************************************
拐点,7次迭代周期后启动判决，j = 6
判决冗余概率，但发现接近收敛，不删除聚类，j = 13
收敛，非全局最优，删除聚类，j = 18
收敛，非全局最优，删除聚类，j = 20
收敛，非全局最优，删除聚类，j = 21
收敛，非全局最优，删除聚类，j = 22
收敛至全局最优，j = 23
******************第361帧估计成功!******************
real_s = 0.0056157 | estimat_s = 0.0056238
real_sigma = 0.0010046 | estimat_sigma = 0.0010004
real_k = 15.6758 | estimat_k = 15.8011
TrueCluster = 4 | estimat_cluster = 4
Iterations = 23 | empirical_KLD = 0.023825
************************************************
此帧用时为16.9524 seconds！
************************************************
拐点,7次迭代周期后启动判决，j = 11
判决冗余概率，但发现接近收敛，不删除聚类，j = 18
收敛，非全局最优，删除聚类，j = 19
收敛，非全局最优，删除聚类，j = 20
收敛，非全局最优，删除聚类，j = 22
收敛，非全局最优，删除聚类，j = 23
收敛至全局最优，j = 25
******************第362帧估计成功!******************
real_s = 0.0056029 | estimat_s = 0.0056007
real_sigma = 0.0010098 | estimat_sigma = 0.0010135
real_k = 15.4589 | estimat_k = 15.2677
TrueCluster = 4 | estimat_cluster = 4
Iterations = 25 | empirical_KLD = 0.024318
************************************************
此帧用时为18.041 seconds！
************************************************
拐点,7次迭代周期后启动判决，j = 8
判决冗余概率，但发现接近收敛，不删除聚类，j = 15
收敛，非全局最优，删除聚类，j = 16
收敛，非全局最优，删除聚类，j = 17
收敛，非全局最优，删除聚类，j = 18
收敛，非全局最优，删除聚类，j = 19
收敛至全局最优，j = 21
******************第363帧估计成功!******************
real_s = 0.0055908 | estimat_s = 0.0055909
real_sigma = 0.00099572 | estimat_sigma = 0.0010023
real_k = 15.7955 | estimat_k = 15.5586
TrueCluster = 4 | estimat_cluster = 4
Iterations = 21 | empirical_KLD = 0.024369
************************************************
此帧用时为15.1983 seconds！
************************************************
收敛，非全局最优，删除聚类，j = 14
收敛，非全局最优，删除聚类，j = 16
收敛，非全局最优，删除聚类，j = 17
收敛，非全局最优，删除聚类，j = 18
收敛至全局最优，j = 20
******************第364帧估计成功!******************
real_s = 0.0055939 | estimat_s = 0.0055946
real_sigma = 0.0010009 | estimat_sigma = 0.00099815
real_k = 15.6506 | estimat_k = 15.7075
TrueCluster = 4 | estimat_cluster = 4
Iterations = 20 | empirical_KLD = 0.02391
************************************************
此帧用时为14.9611 seconds！
************************************************
拐点,7次迭代周期后启动判决，j = 7
判决冗余概率，但发现接近收敛，不删除聚类，j = 14
收敛，非全局最优，删除聚类，j = 18
收敛，非全局最优，删除聚类，j = 20
收敛，非全局最优，删除聚类，j = 21
收敛，非全局最优，删除聚类，j = 22
收敛至全局最优，j = 24
******************第365帧估计成功!******************
real_s = 0.0056337 | estimat_s = 0.005629
real_sigma = 0.00099899 | estimat_sigma = 0.00099976
real_k = 15.9544 | estimat_k = 15.8506
TrueCluster = 4 | estimat_cluster = 4
Iterations = 24 | empirical_KLD = 0.022412
************************************************
此帧用时为17.583 seconds！
************************************************
拐点,7次迭代周期后启动判决，j = 5
判决冗余概率，删除聚类，j = 12
收敛，非全局最优，删除聚类，j = 20
收敛，非全局最优，删除聚类，j = 21
收敛，非全局最优，删除聚类，j = 22
收敛至全局最优，j = 24
******************第366帧估计成功!******************
real_s = 0.0056486 | estimat_s = 0.0056545
real_sigma = 0.0010093 | estimat_sigma = 0.0010087
real_k = 15.7048 | estimat_k = 15.7126
TrueCluster = 4 | estimat_cluster = 4
Iterations = 24 | empirical_KLD = 0.029136
************************************************
此帧用时为17.2731 seconds！
************************************************
拐点,7次迭代周期后启动判决，j = 8
判决冗余概率，但发现接近收敛，不删除聚类，j = 15
收敛，非全局最优，删除聚类，j = 16
收敛，非全局最优，删除聚类，j = 18
收敛，非全局最优，删除聚类，j = 20
收敛，非全局最优，删除聚类，j = 21
收敛至全局最优，j = 23
******************第367帧估计成功!******************
real_s = 0.0056874 | estimat_s = 0.0056871
real_sigma = 0.0010042 | estimat_sigma = 0.0010059
real_k = 16.0647 | estimat_k = 15.9824
TrueCluster = 4 | estimat_cluster = 4
Iterations = 23 | empirical_KLD = 0.025139
************************************************
此帧用时为16.9452 seconds！
************************************************
收敛，非全局最优，删除聚类，j = 13
收敛，非全局最优，删除聚类，j = 14
收敛，非全局最优，删除聚类，j = 16
收敛，非全局最优，删除聚类，j = 17
收敛至全局最优，j = 19
******************第368帧估计成功!******************
real_s = 0.0057018 | estimat_s = 0.005701
real_sigma = 0.0009958 | estimat_sigma = 0.00099106
real_k = 16.4319 | estimat_k = 16.5451
TrueCluster = 4 | estimat_cluster = 4
Iterations = 19 | empirical_KLD = 0.027766
************************************************
此帧用时为14.1429 seconds！
************************************************
拐点,7次迭代周期后启动判决，j = 10
判决冗余概率，但发现接近收敛，不删除聚类，j = 17
收敛，非全局最优，删除聚类，j = 18
收敛，非全局最优，删除聚类，j = 19
收敛，非全局最优，删除聚类，j = 20
收敛，非全局最优，删除聚类，j = 21
收敛至全局最优，j = 23
******************第369帧估计成功!******************
real_s = 0.0056906 | estimat_s = 0.0056979
real_sigma = 0.00098586 | estimat_sigma = 0.00098483
real_k = 16.6912 | estimat_k = 16.7371
TrueCluster = 4 | estimat_cluster = 4
Iterations = 23 | empirical_KLD = 0.024221
************************************************
此帧用时为17.1871 seconds！
************************************************
收敛，非全局最优，删除聚类，j = 13
收敛，非全局最优，删除聚类，j = 15
收敛，非全局最优，删除聚类，j = 16
收敛，非全局最优，删除聚类，j = 17
收敛至全局最优，j = 18
******************第370帧估计成功!******************
real_s = 0.0056708 | estimat_s = 0.0056782
real_sigma = 0.00098886 | estimat_sigma = 0.00098804
real_k = 16.4664 | estimat_k = 16.5136
TrueCluster = 4 | estimat_cluster = 4
Iterations = 18 | empirical_KLD = 0.030646
************************************************
此帧用时为13.5992 seconds！
************************************************
拐点,7次迭代周期后启动判决，j = 9
判决冗余概率，但发现接近收敛，不删除聚类，j = 16
收敛，非全局最优，删除聚类，j = 21
收敛，非全局最优，删除聚类，j = 23
收敛，非全局最优，删除聚类，j = 24
收敛，非全局最优，删除聚类，j = 25
收敛至全局最优，j = 27
******************第371帧估计成功!******************
real_s = 0.0056425 | estimat_s = 0.0056525
real_sigma = 0.00097583 | estimat_sigma = 0.00096979
real_k = 16.7285 | estimat_k = 16.9865
TrueCluster = 4 | estimat_cluster = 4
Iterations = 27 | empirical_KLD = 0.025925
************************************************
此帧用时为19.3011 seconds！
************************************************
拐点,7次迭代周期后启动判决，j = 6
判决冗余概率，但发现接近收敛，不删除聚类，j = 13
收敛，非全局最优，删除聚类，j = 16
收敛，非全局最优，删除聚类，j = 18
收敛，非全局最优，删除聚类，j = 19
收敛，非全局最优，删除聚类，j = 20
收敛至全局最优，j = 22
******************第372帧估计成功!******************
real_s = 0.0056186 | estimat_s = 0.0056382
real_sigma = 0.00097447 | estimat_sigma = 0.00097676
real_k = 16.6387 | estimat_k = 16.66
TrueCluster = 4 | estimat_cluster = 4
Iterations = 22 | empirical_KLD = 0.027744
************************************************
此帧用时为16.0216 seconds！
************************************************
拐点,7次迭代周期后启动判决，j = 10
判决冗余概率，但发现接近收敛，不删除聚类，j = 17
收敛，非全局最优，删除聚类，j = 22
收敛，非全局最优，删除聚类，j = 24
收敛，非全局最优，删除聚类，j = 25
收敛，非全局最优，删除聚类，j = 26
收敛至全局最优，j = 28
******************第373帧估计成功!******************
real_s = 0.0056085 | estimat_s = 0.0056155
real_sigma = 0.00098323 | estimat_sigma = 0.00098264
real_k = 16.2835 | estimat_k = 16.3288
TrueCluster = 4 | estimat_cluster = 4
Iterations = 28 | empirical_KLD = 0.02702
************************************************
此帧用时为20.375 seconds！
************************************************
拐点,7次迭代周期后启动判决，j = 6
判决冗余概率，但发现接近收敛，不删除聚类，j = 13
收敛，非全局最优，删除聚类，j = 16
收敛，非全局最优，删除聚类，j = 18
收敛，非全局最优，删除聚类，j = 20
收敛，非全局最优，删除聚类，j = 21
收敛至全局最优，j = 23
******************第374帧估计成功!******************
real_s = 0.0056359 | estimat_s = 0.0056256
real_sigma = 0.0010014 | estimat_sigma = 0.0010007
real_k = 15.8712 | estimat_k = 15.8018
TrueCluster = 4 | estimat_cluster = 4
Iterations = 23 | empirical_KLD = 0.026464
************************************************
此帧用时为16.5501 seconds！
************************************************
收敛，非全局最优，删除聚类，j = 19
收敛，非全局最优，删除聚类，j = 20
收敛，非全局最优，删除聚类，j = 21
收敛，非全局最优，删除聚类，j = 22
收敛至全局最优，j = 24
******************第375帧估计成功!******************
real_s = 0.0056521 | estimat_s = 0.0056314
real_sigma = 0.0010122 | estimat_sigma = 0.001011
real_k = 15.6182 | estimat_k = 15.5144
TrueCluster = 4 | estimat_cluster = 4
Iterations = 24 | empirical_KLD = 0.021883
************************************************
此帧用时为17.6697 seconds！
************************************************
拐点,7次迭代周期后启动判决，j = 6
判决冗余概率，但发现接近收敛，不删除聚类，j = 13
收敛，非全局最优，删除聚类，j = 16
收敛，非全局最优，删除聚类，j = 17
收敛，非全局最优，删除聚类，j = 19
收敛，非全局最优，删除聚类，j = 20
收敛至全局最优，j = 22
******************第376帧估计成功!******************
real_s = 0.005662 | estimat_s = 0.0056557
real_sigma = 0.0010205 | estimat_sigma = 0.0010184
real_k = 15.4026 | estimat_k = 15.4219
TrueCluster = 4 | estimat_cluster = 4
Iterations = 22 | empirical_KLD = 0.021702
************************************************
此帧用时为16.3153 seconds！
************************************************
拐点,7次迭代周期后启动判决，j = 11
判决冗余概率，但发现接近收敛，不删除聚类，j = 18
收敛，非全局最优，删除聚类，j = 24
收敛，非全局最优，删除聚类，j = 25
收敛，非全局最优，删除聚类，j = 26
收敛，非全局最优，删除聚类，j = 28
收敛至全局最优，j = 30
******************第377帧估计成功!******************
real_s = 0.0056988 | estimat_s = 0.0056967
real_sigma = 0.001023 | estimat_sigma = 0.0010207
real_k = 15.5275 | estimat_k = 15.5747
TrueCluster = 4 | estimat_cluster = 4
Iterations = 30 | empirical_KLD = 0.026369
************************************************
此帧用时为21.5577 seconds！
************************************************
拐点,7次迭代周期后启动判决，j = 6
判决冗余概率，但发现接近收敛，不删除聚类，j = 13
收敛，非全局最优，删除聚类，j = 18
收敛，非全局最优，删除聚类，j = 19
收敛，非全局最优，删除聚类，j = 20
收敛，非全局最优，删除聚类，j = 22
收敛至全局最优，j = 24
******************第378帧估计成功!******************
real_s = 0.0057206 | estimat_s = 0.0057116
real_sigma = 0.0010224 | estimat_sigma = 0.0010246
real_k = 15.6702 | estimat_k = 15.5372
TrueCluster = 4 | estimat_cluster = 4
Iterations = 24 | empirical_KLD = 0.025941
************************************************
此帧用时为17.7643 seconds！
************************************************
收敛，非全局最优，删除聚类，j = 13
收敛，非全局最优，删除聚类，j = 14
收敛，非全局最优，删除聚类，j = 15
收敛，非全局最优，删除聚类，j = 16
收敛至全局最优，j = 18
******************第379帧估计成功!******************
real_s = 0.00573 | estimat_s = 0.0057329
real_sigma = 0.0010212 | estimat_sigma = 0.0010223
real_k = 15.7534 | estimat_k = 15.7234
TrueCluster = 4 | estimat_cluster = 4
Iterations = 18 | empirical_KLD = 0.030094
************************************************
此帧用时为13.6499 seconds！
************************************************
拐点,7次迭代周期后启动判决，j = 6
判决冗余概率，但发现接近收敛，不删除聚类，j = 13
收敛，非全局最优，删除聚类，j = 17
收敛，非全局最优，删除聚类，j = 19
收敛，非全局最优，删除聚类，j = 20
收敛，非全局最优，删除聚类，j = 21
收敛至全局最优，j = 22
******************第380帧估计成功!******************
real_s = 0.0057093 | estimat_s = 0.0057275
real_sigma = 0.0010153 | estimat_sigma = 0.0010157
real_k = 15.8198 | estimat_k = 15.8979
TrueCluster = 4 | estimat_cluster = 4
Iterations = 22 | empirical_KLD = 0.026049
************************************************
此帧用时为16.0419 seconds！
************************************************
收敛，非全局最优，删除聚类，j = 17
收敛，非全局最优，删除聚类，j = 19
收敛，非全局最优，删除聚类，j = 20
收敛，非全局最优，删除聚类，j = 21
收敛至全局最优，j = 23
******************第381帧估计成功!******************
real_s = 0.0057054 | estimat_s = 0.0056933
real_sigma = 0.0010153 | estimat_sigma = 0.0010131
real_k = 15.7979 | estimat_k = 15.7919
TrueCluster = 4 | estimat_cluster = 4
Iterations = 23 | empirical_KLD = 0.02291
************************************************
此帧用时为17.4632 seconds！
************************************************
收敛，非全局最优，删除聚类，j = 13
收敛，非全局最优，删除聚类，j = 15
收敛，非全局最优，删除聚类，j = 16
收敛，非全局最优，删除聚类，j = 17
收敛至全局最优，j = 19
******************第382帧估计成功!******************
real_s = 0.0056584 | estimat_s = 0.0056553
real_sigma = 0.001013 | estimat_sigma = 0.0010159
real_k = 15.6076 | estimat_k = 15.4945
TrueCluster = 4 | estimat_cluster = 4
Iterations = 19 | empirical_KLD = 0.023476
************************************************
此帧用时为14.5142 seconds！
************************************************
收敛，非全局最优，删除聚类，j = 15
收敛，非全局最优，删除聚类，j = 17
收敛，非全局最优，删除聚类，j = 18
收敛，非全局最优，删除聚类，j = 20
收敛至全局最优，j = 22
******************第383帧估计成功!******************
real_s = 0.0056532 | estimat_s = 0.0056598
real_sigma = 0.0010185 | estimat_sigma = 0.0010141
real_k = 15.4072 | estimat_k = 15.5758
TrueCluster = 4 | estimat_cluster = 4
Iterations = 22 | empirical_KLD = 0.026522
************************************************
此帧用时为16.5527 seconds！
************************************************
收敛，非全局最优，删除聚类，j = 9
收敛，非全局最优，删除聚类，j = 12
收敛，非全局最优，删除聚类，j = 14
收敛，非全局最优，删除聚类，j = 16
收敛至全局最优，j = 18
******************第384帧估计成功!******************
real_s = 0.0056568 | estimat_s = 0.0056512
real_sigma = 0.0010133 | estimat_sigma = 0.0010155
real_k = 15.5836 | estimat_k = 15.4846
TrueCluster = 4 | estimat_cluster = 4
Iterations = 18 | empirical_KLD = 0.025218
************************************************
此帧用时为13.7852 seconds！
************************************************
拐点,7次迭代周期后启动判决，j = 7
判决冗余概率，但发现接近收敛，不删除聚类，j = 14
收敛，非全局最优，删除聚类，j = 21
收敛，非全局最优，删除聚类，j = 23
收敛，非全局最优，删除聚类，j = 25
收敛，非全局最优，删除聚类，j = 26
收敛至全局最优，j = 28
******************第385帧估计成功!******************
real_s = 0.0057083 | estimat_s = 0.005706
real_sigma = 0.0010088 | estimat_sigma = 0.0010152
real_k = 16.0358 | estimat_k = 15.7965
TrueCluster = 4 | estimat_cluster = 4
Iterations = 28 | empirical_KLD = 0.02916
************************************************
此帧用时为20.6676 seconds！
************************************************
收敛，非全局最优，删除聚类，j = 17
收敛，非全局最优，删除聚类，j = 18
收敛，非全局最优，删除聚类，j = 20
收敛，非全局最优，删除聚类，j = 21
收敛至全局最优，j = 23
******************第386帧估计成功!******************
real_s = 0.005765 | estimat_s = 0.0057593
real_sigma = 0.001012 | estimat_sigma = 0.0010069
real_k = 16.2502 | estimat_k = 16.3596
TrueCluster = 4 | estimat_cluster = 4
Iterations = 23 | empirical_KLD = 0.02537
************************************************
此帧用时为17.3214 seconds！
************************************************
拐点,7次迭代周期后启动判决，j = 7
判决冗余概率，但发现接近收敛，不删除聚类，j = 14
收敛，非全局最优，删除聚类，j = 15
收敛，非全局最优，删除聚类，j = 16
收敛，非全局最优，删除聚类，j = 17
收敛，非全局最优，删除聚类，j = 18
收敛至全局最优，j = 20
******************第387帧估计成功!******************
real_s = 0.0058185 | estimat_s = 0.0058165
real_sigma = 0.0010043 | estimat_sigma = 0.0010084
real_k = 16.8231 | estimat_k = 16.6368
TrueCluster = 4 | estimat_cluster = 4
Iterations = 20 | empirical_KLD = 0.026256
************************************************
此帧用时为15.4339 seconds！
************************************************
收敛，非全局最优，删除聚类，j = 12
收敛，非全局最优，删除聚类，j = 14
收敛，非全局最优，删除聚类，j = 15
收敛，非全局最优，删除聚类，j = 16
收敛至全局最优，j = 18
******************第388帧估计成功!******************
real_s = 0.0058305 | estimat_s = 0.0058222
real_sigma = 0.0010094 | estimat_sigma = 0.0010137
real_k = 16.7383 | estimat_k = 16.4954
TrueCluster = 4 | estimat_cluster = 4
Iterations = 18 | empirical_KLD = 0.024076
************************************************
此帧用时为13.8572 seconds！
************************************************
拐点,7次迭代周期后启动判决，j = 9
判决冗余概率，但发现接近收敛，不删除聚类，j = 16
收敛，非全局最优，删除聚类，j = 20
收敛，非全局最优，删除聚类，j = 21
收敛，非全局最优，删除聚类，j = 23
收敛，非全局最优，删除聚类，j = 25
收敛至全局最优，j = 27
******************第389帧估计成功!******************
real_s = 0.00581 | estimat_s = 0.0058218
real_sigma = 0.0010139 | estimat_sigma = 0.0010218
real_k = 16.4951 | estimat_k = 16.232
TrueCluster = 4 | estimat_cluster = 4
Iterations = 27 | empirical_KLD = 0.028845
************************************************
此帧用时为20.0047 seconds！
************************************************
拐点,7次迭代周期后启动判决，j = 9
判决冗余概率，但发现接近收敛，不删除聚类，j = 16
收敛，非全局最优，删除聚类，j = 17
收敛，非全局最优，删除聚类，j = 19
收敛，非全局最优，删除聚类，j = 20
收敛，非全局最优，删除聚类，j = 21
收敛至全局最优，j = 23
******************第390帧估计成功!******************
real_s = 0.0057827 | estimat_s = 0.0057827
real_sigma = 0.001017 | estimat_sigma = 0.001026
real_k = 16.2242 | estimat_k = 15.8845
TrueCluster = 4 | estimat_cluster = 4
Iterations = 23 | empirical_KLD = 0.024503
************************************************
此帧用时为17.5524 seconds！
************************************************
收敛，非全局最优，删除聚类，j = 17
收敛，非全局最优，删除聚类，j = 19
收敛，非全局最优，删除聚类，j = 21
收敛，非全局最优，删除聚类，j = 23
收敛至全局最优，j = 25
******************第391帧估计成功!******************
real_s = 0.0057425 | estimat_s = 0.0057335
real_sigma = 0.0010171 | estimat_sigma = 0.0010116
real_k = 15.9976 | estimat_k = 16.0607
TrueCluster = 4 | estimat_cluster = 4
Iterations = 25 | empirical_KLD = 0.026004
************************************************
此帧用时为18.727 seconds！
************************************************
收敛，非全局最优，删除聚类，j = 12
收敛，非全局最优，删除聚类，j = 13
收敛，非全局最优，删除聚类，j = 14
收敛，非全局最优，删除聚类，j = 15
收敛至全局最优，j = 16
******************第392帧估计成功!******************
real_s = 0.0057048 | estimat_s = 0.0056984
real_sigma = 0.0010142 | estimat_sigma = 0.0010146
real_k = 15.8706 | estimat_k = 15.7735
TrueCluster = 4 | estimat_cluster = 4
Iterations = 16 | empirical_KLD = 0.026079
************************************************
此帧用时为12.6821 seconds！
************************************************
拐点,7次迭代周期后启动判决，j = 7
判决冗余概率，删除聚类，j = 14
收敛，非全局最优，删除聚类，j = 27
收敛，非全局最优，删除聚类，j = 29
收敛，非全局最优，删除聚类，j = 30
收敛至全局最优，j = 31
******************第393帧估计成功!******************
real_s = 0.0056771 | estimat_s = 0.0056763
real_sigma = 0.0010073 | estimat_sigma = 0.0010048
real_k = 15.925 | estimat_k = 15.9557
TrueCluster = 4 | estimat_cluster = 4
Iterations = 31 | empirical_KLD = 0.029235
************************************************
此帧用时为22.5319 seconds！
************************************************
收敛，非全局最优，删除聚类，j = 14
收敛，非全局最优，删除聚类，j = 15
收敛，非全局最优，删除聚类，j = 17
收敛，非全局最优，删除聚类，j = 18
收敛至全局最优，j = 20
******************第394帧估计成功!******************
real_s = 0.0056554 | estimat_s = 0.0056662
real_sigma = 0.0010017 | estimat_sigma = 0.00099725
real_k = 15.9702 | estimat_k = 16.1416
TrueCluster = 4 | estimat_cluster = 4
Iterations = 20 | empirical_KLD = 0.026153
************************************************
此帧用时为15.5426 seconds！
************************************************
收敛，非全局最优，删除聚类，j = 12
收敛，非全局最优，删除聚类，j = 14
收敛，非全局最优，删除聚类，j = 15
收敛，非全局最优，删除聚类，j = 16
收敛至全局最优，j = 18
******************第395帧估计成功!******************
real_s = 0.0056348 | estimat_s = 0.0056293
real_sigma = 0.00099676 | estimat_sigma = 0.0010013
real_k = 16.0175 | estimat_k = 15.8019
TrueCluster = 4 | estimat_cluster = 4
Iterations = 18 | empirical_KLD = 0.024022
************************************************
此帧用时为14.2713 seconds！
************************************************
拐点,7次迭代周期后启动判决，j = 8
判决冗余概率，但发现接近收敛，不删除聚类，j = 15
收敛，非全局最优，删除聚类，j = 23
收敛，非全局最优，删除聚类，j = 25
收敛，非全局最优，删除聚类，j = 26
收敛，非全局最优，删除聚类，j = 27
收敛至全局最优，j = 29
******************第396帧估计成功!******************
real_s = 0.0056272 | estimat_s = 0.0056319
real_sigma = 0.00098712 | estimat_sigma = 0.00099085
real_k = 16.2894 | estimat_k = 16.1536
TrueCluster = 4 | estimat_cluster = 4
Iterations = 29 | empirical_KLD = 0.025785
************************************************
此帧用时为21.8238 seconds！
************************************************
拐点,7次迭代周期后启动判决，j = 5
判决冗余概率，但发现接近收敛，不删除聚类，j = 12
收敛，非全局最优，删除聚类，j = 15
收敛，非全局最优，删除聚类，j = 17
收敛，非全局最优，删除聚类，j = 18
收敛，非全局最优，删除聚类，j = 19
收敛至全局最优，j = 21
******************第397帧估计成功!******************
real_s = 0.0056189 | estimat_s = 0.0056137
real_sigma = 0.001007 | estimat_sigma = 0.0010126
real_k = 15.6194 | estimat_k = 15.3675
TrueCluster = 4 | estimat_cluster = 4
Iterations = 21 | empirical_KLD = 0.022823
************************************************
此帧用时为16.4694 seconds！
************************************************
拐点,7次迭代周期后启动判决，j = 6
判决冗余概率，但发现接近收敛，不删除聚类，j = 13
收敛，非全局最优，删除聚类，j = 14
收敛，非全局最优，删除聚类，j = 15
收敛，非全局最优，删除聚类，j = 16
收敛，非全局最优，删除聚类，j = 18
收敛至全局最优，j = 20
******************第398帧估计成功!******************
real_s = 0.0056139 | estimat_s = 0.005616
real_sigma = 0.00099788 | estimat_sigma = 0.00099717
real_k = 15.8823 | estimat_k = 15.8592
TrueCluster = 4 | estimat_cluster = 4
Iterations = 20 | empirical_KLD = 0.023849
************************************************
此帧用时为15.5582 seconds！
************************************************
拐点,7次迭代周期后启动判决，j = 5
判决冗余概率，但发现接近收敛，不删除聚类，j = 12
收敛，非全局最优，删除聚类，j = 13
收敛，非全局最优，删除聚类，j = 15
收敛，非全局最优，删除聚类，j = 16
收敛，非全局最优，删除聚类，j = 17
收敛至全局最优，j = 18
******************第399帧估计成功!******************
real_s = 0.0056238 | estimat_s = 0.0056179
real_sigma = 0.001001 | estimat_sigma = 0.00099679
real_k = 15.8436 | estimat_k = 15.8821
TrueCluster = 4 | estimat_cluster = 4
Iterations = 18 | empirical_KLD = 0.0259
************************************************
此帧用时为14.3656 seconds！
************************************************
收敛，非全局最优，删除聚类，j = 15
收敛，非全局最优，删除聚类，j = 17
收敛，非全局最优，删除聚类，j = 18
收敛，非全局最优，删除聚类，j = 19
收敛至全局最优，j = 21
******************第400帧估计成功!******************
real_s = 0.0056211 | estimat_s = 0.0056138
real_sigma = 0.00099856 | estimat_sigma = 0.00099912
real_k = 15.9137 | estimat_k = 15.7854
TrueCluster = 4 | estimat_cluster = 4
Iterations = 21 | empirical_KLD = 0.025031
************************************************
此帧用时为16.1393 seconds！
************************************************
收敛，非全局最优，删除聚类，j = 20
收敛，非全局最优，删除聚类，j = 22
收敛，非全局最优，删除聚类，j = 23
收敛，非全局最优，删除聚类，j = 24
收敛至全局最优，j = 26
******************第401帧估计成功!******************
real_s = 0.0056214 | estimat_s = 0.0056079
real_sigma = 0.0010115 | estimat_sigma = 0.0010056
real_k = 15.5054 | estimat_k = 15.5496
TrueCluster = 4 | estimat_cluster = 4
Iterations = 26 | empirical_KLD = 0.027079
************************************************
此帧用时为19.7162 seconds！
************************************************
拐点,7次迭代周期后启动判决，j = 5
判决冗余概率，但发现接近收敛，不删除聚类，j = 12
收敛，非全局最优，删除聚类，j = 15
收敛，非全局最优，删除聚类，j = 19
收敛，非全局最优，删除聚类，j = 20
收敛，非全局最优，删除聚类，j = 22
收敛至全局最优，j = 24
******************第402帧估计成功!******************
real_s = 0.0056059 | estimat_s = 0.0056126
real_sigma = 0.0010103 | estimat_sigma = 0.0010116
real_k = 15.4576 | estimat_k = 15.3923
TrueCluster = 4 | estimat_cluster = 4
Iterations = 24 | empirical_KLD = 0.022928
************************************************
此帧用时为18.1048 seconds！
************************************************
拐点,7次迭代周期后启动判决，j = 7
判决冗余概率，但发现接近收敛，不删除聚类，j = 14
收敛，非全局最优，删除聚类，j = 15
收敛，非全局最优，删除聚类，j = 21
收敛，非全局最优，删除聚类，j = 23
收敛，非全局最优，删除聚类，j = 24
收敛至全局最优，j = 26
******************第403帧估计成功!******************
real_s = 0.0056187 | estimat_s = 0.005625
real_sigma = 0.0010111 | estimat_sigma = 0.0010104
real_k = 15.5073 | estimat_k = 15.4955
TrueCluster = 4 | estimat_cluster = 4
Iterations = 26 | empirical_KLD = 0.020422
************************************************
此帧用时为19.6512 seconds！
************************************************
拐点,7次迭代周期后启动判决，j = 9
判决冗余概率，但发现接近收敛，不删除聚类，j = 16
收敛，非全局最优，删除聚类，j = 19
收敛，非全局最优，删除聚类，j = 20
收敛，非全局最优，删除聚类，j = 21
收敛，非全局最优，删除聚类，j = 22
收敛至全局最优，j = 24
******************第404帧估计成功!******************
real_s = 0.0055949 | estimat_s = 0.0056016
real_sigma = 0.001011 | estimat_sigma = 0.0010065
real_k = 15.3871 | estimat_k = 15.4861
TrueCluster = 4 | estimat_cluster = 4
Iterations = 24 | empirical_KLD = 0.025592
************************************************
此帧用时为18.7969 seconds！
************************************************
拐点,7次迭代周期后启动判决，j = 8
判决冗余概率，但发现接近收敛，不删除聚类，j = 15
收敛，非全局最优，删除聚类，j = 19
收敛，非全局最优，删除聚类，j = 20
收敛，非全局最优，删除聚类，j = 22
收敛，非全局最优，删除聚类，j = 23
收敛至全局最优，j = 24
******************第405帧估计成功!******************
real_s = 0.0055984 | estimat_s = 0.0055909
real_sigma = 0.0010276 | estimat_sigma = 0.0010245
real_k = 14.8812 | estimat_k = 14.8908
TrueCluster = 4 | estimat_cluster = 4
Iterations = 24 | empirical_KLD = 0.024445
************************************************
此帧用时为18.39 seconds！
************************************************
收敛，非全局最优，删除聚类，j = 12
收敛，非全局最优，删除聚类，j = 14
收敛，非全局最优，删除聚类，j = 15
收敛，非全局最优，删除聚类，j = 16
收敛至全局最优，j = 18
******************第406帧估计成功!******************
real_s = 0.0056032 | estimat_s = 0.0055909
real_sigma = 0.0010132 | estimat_sigma = 0.0010086
real_k = 15.3735 | estimat_k = 15.3653
TrueCluster = 4 | estimat_cluster = 4
Iterations = 18 | empirical_KLD = 0.023848
************************************************
此帧用时为14.1915 seconds！
************************************************
拐点,7次迭代周期后启动判决，j = 8
判决冗余概率，删除聚类，j = 15
收敛，非全局最优，删除聚类，j = 25
收敛，非全局最优，删除聚类，j = 27
收敛，非全局最优，删除聚类，j = 28
收敛至全局最优，j = 30
******************第407帧估计成功!******************
real_s = 0.0056347 | estimat_s = 0.0056317
real_sigma = 0.0010058 | estimat_sigma = 0.0010052
real_k = 15.7515 | estimat_k = 15.6955
TrueCluster = 4 | estimat_cluster = 4
Iterations = 30 | empirical_KLD = 0.021666
************************************************
此帧用时为22.76 seconds！
************************************************
拐点,7次迭代周期后启动判决，j = 7
判决冗余概率，但发现接近收敛，不删除聚类，j = 14
收敛，非全局最优，删除聚类，j = 15
收敛，非全局最优，删除聚类，j = 16
收敛，非全局最优，删除聚类，j = 17
收敛，非全局最优，删除聚类，j = 18
收敛至全局最优，j = 20
******************第408帧估计成功!******************
real_s = 0.0056487 | estimat_s = 0.0056424
real_sigma = 0.0010055 | estimat_sigma = 0.0010092
real_k = 15.8481 | estimat_k = 15.6295
TrueCluster = 4 | estimat_cluster = 4
Iterations = 20 | empirical_KLD = 0.025516
************************************************
此帧用时为15.9073 seconds！
************************************************
收敛，非全局最优，删除聚类，j = 14
收敛，非全局最优，删除聚类，j = 15
收敛，非全局最优，删除聚类，j = 16
收敛，非全局最优，删除聚类，j = 18
收敛至全局最优，j = 20
******************第409帧估计成功!******************
real_s = 0.0056921 | estimat_s = 0.0057024
real_sigma = 0.001004 | estimat_sigma = 0.0010003
real_k = 16.122 | estimat_k = 16.2492
TrueCluster = 4 | estimat_cluster = 4
Iterations = 20 | empirical_KLD = 0.026215
************************************************
此帧用时为15.9132 seconds！
************************************************
拐点,7次迭代周期后启动判决，j = 6
判决冗余概率，但发现接近收敛，不删除聚类，j = 13
收敛，非全局最优，删除聚类，j = 14
收敛，非全局最优，删除聚类，j = 16
收敛，非全局最优，删除聚类，j = 17
收敛，非全局最优，删除聚类，j = 18
收敛至全局最优，j = 20
******************第410帧估计成功!******************
real_s = 0.0056984 | estimat_s = 0.005695
real_sigma = 0.00099439 | estimat_sigma = 0.00099489
real_k = 16.4451 | estimat_k = 16.3837
TrueCluster = 4 | estimat_cluster = 4
Iterations = 20 | empirical_KLD = 0.026846
************************************************
此帧用时为16.0797 seconds！
************************************************
拐点,7次迭代周期后启动判决，j = 8
判决冗余概率，但发现接近收敛，不删除聚类，j = 15
收敛，非全局最优，删除聚类，j = 18
收敛，非全局最优，删除聚类，j = 19
收敛，非全局最优，删除聚类，j = 21
收敛，非全局最优，删除聚类，j = 22
收敛至全局最优，j = 24
******************第411帧估计成功!******************
real_s = 0.0056871 | estimat_s = 0.0056784
real_sigma = 0.0010024 | estimat_sigma = 0.0010009
real_k = 16.1087 | estimat_k = 16.0915
TrueCluster = 4 | estimat_cluster = 4
Iterations = 24 | empirical_KLD = 0.027752
************************************************
此帧用时为18.7004 seconds！
************************************************
收敛，非全局最优，删除聚类，j = 12
收敛，非全局最优，删除聚类，j = 13
收敛，非全局最优，删除聚类，j = 15
收敛，非全局最优，删除聚类，j = 17
收敛至全局最优，j = 19
******************第412帧估计成功!******************
real_s = 0.0056579 | estimat_s = 0.0056503
real_sigma = 0.00099706 | estimat_sigma = 0.00099471
real_k = 16.1146 | estimat_k = 16.1334
TrueCluster = 4 | estimat_cluster = 4
Iterations = 19 | empirical_KLD = 0.024314
************************************************
此帧用时为15.101 seconds！
************************************************
拐点,7次迭代周期后启动判决，j = 7
判决冗余概率，但发现接近收敛，不删除聚类，j = 14
收敛，非全局最优，删除聚类，j = 15
收敛，非全局最优，删除聚类，j = 16
收敛，非全局最优，删除聚类，j = 18
收敛，非全局最优，删除聚类，j = 19
收敛至全局最优，j = 21
******************第413帧估计成功!******************
real_s = 0.0056026 | estimat_s = 0.0056083
real_sigma = 0.0010054 | estimat_sigma = 0.0010098
real_k = 15.5364 | estimat_k = 15.4237
TrueCluster = 4 | estimat_cluster = 4
Iterations = 21 | empirical_KLD = 0.027793
************************************************
此帧用时为16.2776 seconds！
************************************************
拐点,7次迭代周期后启动判决，j = 10
判决冗余概率，但发现接近收敛，不删除聚类，j = 17
收敛，非全局最优，删除聚类，j = 18
收敛，非全局最优，删除聚类，j = 19
收敛，非全局最优，删除聚类，j = 20
收敛，非全局最优，删除聚类，j = 21
收敛至全局最优，j = 24
******************第414帧估计成功!******************
real_s = 0.0055488 | estimat_s = 0.0055524
real_sigma = 0.0010113 | estimat_sigma = 0.0010192
real_k = 15.0956 | estimat_k = 14.84
TrueCluster = 4 | estimat_cluster = 4
Iterations = 24 | empirical_KLD = 0.023494
************************************************
此帧用时为18.568 seconds！
************************************************
拐点,7次迭代周期后启动判决，j = 8
判决冗余概率，但发现接近收敛，不删除聚类，j = 15
收敛，非全局最优，删除聚类，j = 16
收敛，非全局最优，删除聚类，j = 17
收敛，非全局最优，删除聚类，j = 18
收敛，非全局最优，删除聚类，j = 20
收敛至全局最优，j = 22
******************第415帧估计成功!******************
real_s = 0.0055385 | estimat_s = 0.0055363
real_sigma = 0.0010054 | estimat_sigma = 0.0010101
real_k = 15.2318 | estimat_k = 15.0208
TrueCluster = 4 | estimat_cluster = 4
Iterations = 22 | empirical_KLD = 0.023211
************************************************
此帧用时为16.7673 seconds！
************************************************
收敛，非全局最优，删除聚类，j = 15
收敛，非全局最优，删除聚类，j = 16
收敛，非全局最优，删除聚类，j = 17
收敛，非全局最优，删除聚类，j = 18
收敛至全局最优，j = 20
******************第416帧估计成功!******************
real_s = 0.0055515 | estimat_s = 0.0055355
real_sigma = 0.001002 | estimat_sigma = 0.00099277
real_k = 15.4177 | estimat_k = 15.5448
TrueCluster = 4 | estimat_cluster = 4
Iterations = 20 | empirical_KLD = 0.024735
************************************************
此帧用时为15.8239 seconds！
************************************************
拐点,7次迭代周期后启动判决，j = 8
判决冗余概率，但发现接近收敛，不删除聚类，j = 15
收敛，非全局最优，删除聚类，j = 16
收敛，非全局最优，删除聚类，j = 17
收敛，非全局最优，删除聚类，j = 18
收敛，非全局最优，删除聚类，j = 19
收敛至全局最优，j = 21
******************第417帧估计成功!******************
real_s = 0.0055722 | estimat_s = 0.0055771
real_sigma = 0.0010027 | estimat_sigma = 0.001007
real_k = 15.5123 | estimat_k = 15.3371
TrueCluster = 4 | estimat_cluster = 4
Iterations = 21 | empirical_KLD = 0.027176
************************************************
此帧用时为16.3908 seconds！
************************************************
收敛，非全局最优，删除聚类，j = 13
收敛，非全局最优，删除聚类，j = 15
收敛，非全局最优，删除聚类，j = 17
收敛，非全局最优，删除聚类，j = 19
收敛至全局最优，j = 21
******************第418帧估计成功!******************
real_s = 0.0056411 | estimat_s = 0.0056507
real_sigma = 0.00099889 | estimat_sigma = 0.00099831
real_k = 16.014 | estimat_k = 16.019
TrueCluster = 4 | estimat_cluster = 4
Iterations = 21 | empirical_KLD = 0.026057
************************************************
此帧用时为16.3284 seconds！
************************************************
拐点,7次迭代周期后启动判决，j = 8
判决冗余概率，但发现接近收敛，不删除聚类，j = 15
收敛，非全局最优，删除聚类，j = 16
收敛，非全局最优，删除聚类，j = 17
收敛，非全局最优，删除聚类，j = 18
收敛，非全局最优，删除聚类，j = 19
收敛至全局最优，j = 20
******************第419帧估计成功!******************
real_s = 0.005707 | estimat_s = 0.0057093
real_sigma = 0.00099342 | estimat_sigma = 0.00099037
real_k = 16.5098 | estimat_k = 16.6167
TrueCluster = 4 | estimat_cluster = 4
Iterations = 20 | empirical_KLD = 0.029122
************************************************
此帧用时为15.778 seconds！
************************************************
收敛，非全局最优，删除聚类，j = 13
收敛，非全局最优，删除聚类，j = 14
收敛，非全局最优，删除聚类，j = 16
收敛，非全局最优，删除聚类，j = 17
收敛至全局最优，j = 19
******************第420帧估计成功!******************
real_s = 0.0057296 | estimat_s = 0.0057113
real_sigma = 0.00099932 | estimat_sigma = 0.00099966
real_k = 16.4419 | estimat_k = 16.3204
TrueCluster = 4 | estimat_cluster = 4
Iterations = 19 | empirical_KLD = 0.023755
************************************************
此帧用时为15.0238 seconds！
************************************************
拐点,7次迭代周期后启动判决，j = 5
判决冗余概率，但发现接近收敛，不删除聚类，j = 12
收敛，非全局最优，删除聚类，j = 15
收敛，非全局最优，删除聚类，j = 17
收敛，非全局最优，删除聚类，j = 18
收敛，非全局最优，删除聚类，j = 19
收敛至全局最优，j = 21
******************第421帧估计成功!******************
real_s = 0.005721 | estimat_s = 0.0057155
real_sigma = 0.0010067 | estimat_sigma = 0.001011
real_k = 16.1614 | estimat_k = 15.9797
TrueCluster = 4 | estimat_cluster = 4
Iterations = 21 | empirical_KLD = 0.020142
************************************************
此帧用时为16.6074 seconds！
************************************************
收敛，非全局最优，删除聚类，j = 13
收敛，非全局最优，删除聚类，j = 15
收敛，非全局最优，删除聚类，j = 16
收敛，非全局最优，删除聚类，j = 17
收敛至全局最优，j = 19
******************第422帧估计成功!******************
real_s = 0.0056948 | estimat_s = 0.00571
real_sigma = 0.0010062 | estimat_sigma = 0.0010074
real_k = 16.0267 | estimat_k = 16.0642
TrueCluster = 4 | estimat_cluster = 4
Iterations = 19 | empirical_KLD = 0.024841
************************************************
此帧用时为14.9772 seconds！
************************************************
收敛，非全局最优，删除聚类，j = 9
收敛，非全局最优，删除聚类，j = 11
收敛，非全局最优，删除聚类，j = 12
收敛，非全局最优，删除聚类，j = 13
收敛至全局最优，j = 15
******************第423帧估计成功!******************
real_s = 0.0056481 | estimat_s = 0.0056412
real_sigma = 0.0010119 | estimat_sigma = 0.001012
real_k = 15.5903 | estimat_k = 15.5364
TrueCluster = 4 | estimat_cluster = 4
Iterations = 15 | empirical_KLD = 0.0276
************************************************
此帧用时为12.2746 seconds！
************************************************
收敛，非全局最优，删除聚类，j = 14
收敛，非全局最优，删除聚类，j = 15
收敛，非全局最优，删除聚类，j = 17
收敛，非全局最优，删除聚类，j = 18
收敛至全局最优，j = 20
******************第424帧估计成功!******************
real_s = 0.0056094 | estimat_s = 0.0056017
real_sigma = 0.0010071 | estimat_sigma = 0.0010098
real_k = 15.5224 | estimat_k = 15.3869
TrueCluster = 4 | estimat_cluster = 4
Iterations = 20 | empirical_KLD = 0.026088
************************************************
此帧用时为16.2469 seconds！
************************************************
拐点,7次迭代周期后启动判决，j = 11
判决冗余概率，但发现接近收敛，不删除聚类，j = 18
收敛，非全局最优，删除聚类，j = 19
收敛，非全局最优，删除聚类，j = 20
收敛，非全局最优，删除聚类，j = 22
收敛，非全局最优，删除聚类，j = 23
收敛至全局最优，j = 25
******************第425帧估计成功!******************
real_s = 0.0055845 | estimat_s = 0.0055864
real_sigma = 0.00099819 | estimat_sigma = 0.0010047
real_k = 15.6854 | estimat_k = 15.4577
TrueCluster = 4 | estimat_cluster = 4
Iterations = 25 | empirical_KLD = 0.026189
************************************************
此帧用时为19.5116 seconds！
************************************************
拐点,7次迭代周期后启动判决，j = 9
判决冗余概率，但发现接近收敛，不删除聚类，j = 16
收敛，非全局最优，删除聚类，j = 17
收敛，非全局最优，删除聚类，j = 18
收敛，非全局最优，删除聚类，j = 19
收敛，非全局最优，删除聚类，j = 21
收敛至全局最优，j = 23
******************第426帧估计成功!******************
real_s = 0.0055742 | estimat_s = 0.0055564
real_sigma = 0.00099248 | estimat_sigma = 0.00099235
real_k = 15.8041 | estimat_k = 15.6759
TrueCluster = 4 | estimat_cluster = 4
Iterations = 23 | empirical_KLD = 0.026284
************************************************
此帧用时为17.9587 seconds！
************************************************
拐点,7次迭代周期后启动判决，j = 9
判决冗余概率，但发现接近收敛，不删除聚类，j = 16
收敛，非全局最优，删除聚类，j = 19
收敛，非全局最优，删除聚类，j = 20
收敛，非全局最优，删除聚类，j = 21
收敛，非全局最优，删除聚类，j = 22
收敛至全局最优，j = 24
******************第427帧估计成功!******************
real_s = 0.0056113 | estimat_s = 0.0056211
real_sigma = 0.00099112 | estimat_sigma = 0.00099162
real_k = 16.0634 | estimat_k = 16.0665
TrueCluster = 4 | estimat_cluster = 4
Iterations = 24 | empirical_KLD = 0.027628
************************************************
此帧用时为19.18 seconds！
************************************************
拐点,7次迭代周期后启动判决，j = 6
判决冗余概率，但发现接近收敛，不删除聚类，j = 13
收敛，非全局最优，删除聚类，j = 17
收敛，非全局最优，删除聚类，j = 19
收敛，非全局最优，删除聚类，j = 20
收敛，非全局最优，删除聚类，j = 22
收敛至全局最优，j = 24
******************第428帧估计成功!******************
real_s = 0.0056557 | estimat_s = 0.0056476
real_sigma = 0.00098972 | estimat_sigma = 0.00099487
real_k = 16.3473 | estimat_k = 16.1128
TrueCluster = 4 | estimat_cluster = 4
Iterations = 24 | empirical_KLD = 0.02897
************************************************
此帧用时为19.0428 seconds！
************************************************
拐点,7次迭代周期后启动判决，j = 6
判决冗余概率，删除聚类，j = 13
收敛，非全局最优，删除聚类，j = 20
收敛，非全局最优，删除聚类，j = 22
收敛，非全局最优，删除聚类，j = 24
收敛至全局最优，j = 26
******************第429帧估计成功!******************
real_s = 0.0056878 | estimat_s = 0.005704
real_sigma = 0.00098887 | estimat_sigma = 0.00099191
real_k = 16.5556 | estimat_k = 16.5345
TrueCluster = 4 | estimat_cluster = 4
Iterations = 26 | empirical_KLD = 0.025114
************************************************
此帧用时为20.2701 seconds！
************************************************
收敛，非全局最优，删除聚类，j = 12
收敛，非全局最优，删除聚类，j = 14
收敛，非全局最优，删除聚类，j = 16
收敛，非全局最优，删除聚类，j = 17
收敛至全局最优，j = 18
******************第430帧估计成功!******************
real_s = 0.0057194 | estimat_s = 0.0057151
real_sigma = 0.0010012 | estimat_sigma = 0.0010019
real_k = 16.323 | estimat_k = 16.2709
TrueCluster = 4 | estimat_cluster = 4
Iterations = 18 | empirical_KLD = 0.029017
************************************************
此帧用时为15.0289 seconds！
************************************************
拐点,7次迭代周期后启动判决，j = 7
判决冗余概率，但发现接近收敛，不删除聚类，j = 14
收敛，非全局最优，删除聚类，j = 15
收敛，非全局最优，删除聚类，j = 16
收敛，非全局最优，删除聚类，j = 18
收敛，非全局最优，删除聚类，j = 19
收敛至全局最优，j = 20
******************第431帧估计成功!******************
real_s = 0.005757 | estimat_s = 0.0057752
real_sigma = 0.0010068 | estimat_sigma = 0.0010094
real_k = 16.3561 | estimat_k = 16.3687
TrueCluster = 4 | estimat_cluster = 4
Iterations = 20 | empirical_KLD = 0.026306
************************************************
此帧用时为16.572 seconds！
************************************************
拐点,7次迭代周期后启动判决，j = 6
判决冗余概率，但发现接近收敛，不删除聚类，j = 13
收敛，非全局最优，删除聚类，j = 15
收敛，非全局最优，删除聚类，j = 17
收敛，非全局最优，删除聚类，j = 18
收敛，非全局最优，删除聚类，j = 19
收敛至全局最优，j = 21
******************第432帧估计成功!******************
real_s = 0.0057591 | estimat_s = 0.0057571
real_sigma = 0.0010147 | estimat_sigma = 0.0010189
real_k = 16.1087 | estimat_k = 15.9621
TrueCluster = 4 | estimat_cluster = 4
Iterations = 21 | empirical_KLD = 0.025257
************************************************
此帧用时为17.0296 seconds！
************************************************
拐点,7次迭代周期后启动判决，j = 8
判决冗余概率，但发现接近收敛，不删除聚类，j = 15
收敛，非全局最优，删除聚类，j = 21
收敛，非全局最优，删除聚类，j = 22
收敛，非全局最优，删除聚类，j = 23
收敛，非全局最优，删除聚类，j = 24
收敛至全局最优，j = 26
******************第433帧估计成功!******************
real_s = 0.005744 | estimat_s = 0.0057504
real_sigma = 0.0010073 | estimat_sigma = 0.0010007
real_k = 16.2666 | estimat_k = 16.5106
TrueCluster = 4 | estimat_cluster = 4
Iterations = 26 | empirical_KLD = 0.025807
************************************************
此帧用时为20.4701 seconds！
************************************************
收敛，非全局最优，删除聚类，j = 14
收敛，非全局最优，删除聚类，j = 16
收敛，非全局最优，删除聚类，j = 17
收敛，非全局最优，删除聚类，j = 19
收敛至全局最优，j = 21
******************第434帧估计成功!******************
real_s = 0.0057327 | estimat_s = 0.0057312
real_sigma = 0.0010116 | estimat_sigma = 0.0010116
real_k = 16.0674 | estimat_k = 16.0491
TrueCluster = 4 | estimat_cluster = 4
Iterations = 21 | empirical_KLD = 0.026562
************************************************
此帧用时为16.8072 seconds！
************************************************
拐点,7次迭代周期后启动判决，j = 13
判决冗余概率，但发现接近收敛，不删除聚类，j = 20
收敛，非全局最优，删除聚类，j = 21
收敛，非全局最优，删除聚类，j = 22
收敛，非全局最优，删除聚类，j = 23
收敛，非全局最优，删除聚类，j = 24
收敛至全局最优，j = 26
******************第435帧估计成功!******************
real_s = 0.0057078 | estimat_s = 0.0057263
real_sigma = 0.0010094 | estimat_sigma = 0.0010219
real_k = 15.9965 | estimat_k = 15.6993
TrueCluster = 4 | estimat_cluster = 4
Iterations = 26 | empirical_KLD = 0.026252
************************************************
此帧用时为20.7471 seconds！
************************************************
拐点,7次迭代周期后启动判决，j = 5
判决冗余概率，但发现接近收敛，不删除聚类，j = 12
收敛，非全局最优，删除聚类，j = 16
收敛，非全局最优，删除聚类，j = 18
收敛，非全局最优，删除聚类，j = 19
收敛，非全局最优，删除聚类，j = 20
收敛至全局最优，j = 22
******************第436帧估计成功!******************
real_s = 0.0056755 | estimat_s = 0.0056651
real_sigma = 0.0010078 | estimat_sigma = 0.0010002
real_k = 15.8702 | estimat_k = 16.0403
TrueCluster = 4 | estimat_cluster = 4
Iterations = 22 | empirical_KLD = 0.026548
************************************************
此帧用时为17.6624 seconds！
************************************************
拐点,7次迭代周期后启动判决，j = 8
判决冗余概率，但发现接近收敛，不删除聚类，j = 15
收敛，非全局最优，删除聚类，j = 16
收敛，非全局最优，删除聚类，j = 17
收敛，非全局最优，删除聚类，j = 18
收敛，非全局最优，删除聚类，j = 19
收敛至全局最优，j = 21
******************第437帧估计成功!******************
real_s = 0.0056509 | estimat_s = 0.0056433
real_sigma = 0.00098875 | estimat_sigma = 0.00098948
real_k = 16.3856 | estimat_k = 16.2638
TrueCluster = 4 | estimat_cluster = 4
Iterations = 21 | empirical_KLD = 0.024924
************************************************
此帧用时为17.0992 seconds！
************************************************
拐点,7次迭代周期后启动判决，j = 6
判决冗余概率，但发现接近收敛，不删除聚类，j = 13
收敛，非全局最优，删除聚类，j = 14
收敛，非全局最优，删除聚类，j = 15
收敛，非全局最优，删除聚类，j = 16
收敛，非全局最优，删除聚类，j = 17
收敛至全局最优，j = 19
******************第438帧估计成功!******************
real_s = 0.0056523 | estimat_s = 0.0056592
real_sigma = 0.00099263 | estimat_sigma = 0.00099259
real_k = 16.2635 | estimat_k = 16.2535
TrueCluster = 4 | estimat_cluster = 4
Iterations = 19 | empirical_KLD = 0.025294
************************************************
此帧用时为15.8646 seconds！
************************************************
收敛，非全局最优，删除聚类，j = 11
收敛，非全局最优，删除聚类，j = 13
收敛，非全局最优，删除聚类，j = 14
收敛，非全局最优，删除聚类，j = 15
收敛至全局最优，j = 16
******************第439帧估计成功!******************
real_s = 0.0056597 | estimat_s = 0.0056502
real_sigma = 0.00098334 | estimat_sigma = 0.00097107
real_k = 16.6122 | estimat_k = 16.9277
TrueCluster = 4 | estimat_cluster = 4
Iterations = 16 | empirical_KLD = 0.02946
************************************************
此帧用时为13.9015 seconds！
************************************************
拐点,7次迭代周期后启动判决，j = 9
判决冗余概率，但发现接近收敛，不删除聚类，j = 16
收敛，非全局最优，删除聚类，j = 17
收敛，非全局最优，删除聚类，j = 18
收敛，非全局最优，删除聚类，j = 20
收敛，非全局最优，删除聚类，j = 21
收敛至全局最优，j = 23
******************第440帧估计成功!******************
real_s = 0.0056957 | estimat_s = 0.0057092
real_sigma = 0.00098824 | estimat_sigma = 0.00098885
real_k = 16.6583 | estimat_k = 16.6671
TrueCluster = 4 | estimat_cluster = 4
Iterations = 23 | empirical_KLD = 0.02539
************************************************
此帧用时为18.8755 seconds！
************************************************
拐点,7次迭代周期后启动判决，j = 8
判决冗余概率，删除聚类，j = 15
收敛，非全局最优，删除聚类，j = 21
收敛，非全局最优，删除聚类，j = 23
收敛，非全局最优，删除聚类，j = 24
收敛至全局最优，j = 25
******************第441帧估计成功!******************
real_s = 0.0057321 | estimat_s = 0.0057342
real_sigma = 0.00098978 | estimat_sigma = 0.00098333
real_k = 16.812 | estimat_k = 17.0025
TrueCluster = 4 | estimat_cluster = 4
Iterations = 25 | empirical_KLD = 0.026768
************************************************
此帧用时为20.0203 seconds！
************************************************
拐点,7次迭代周期后启动判决，j = 6
判决冗余概率，但发现接近收敛，不删除聚类，j = 13
收敛，非全局最优，删除聚类，j = 15
收敛，非全局最优，删除聚类，j = 16
收敛，非全局最优，删除聚类，j = 18
收敛，非全局最优，删除聚类，j = 19
收敛至全局最优，j = 21
******************第442帧估计成功!******************
real_s = 0.0057689 | estimat_s = 0.0057838
real_sigma = 0.00099669 | estimat_sigma = 0.00098819
real_k = 16.7803 | estimat_k = 17.128
TrueCluster = 4 | estimat_cluster = 4
Iterations = 21 | empirical_KLD = 0.025591
************************************************
此帧用时为16.98 seconds！
************************************************
拐点,7次迭代周期后启动判决，j = 7
判决冗余概率，但发现接近收敛，不删除聚类，j = 14
收敛，非全局最优，删除聚类，j = 17
收敛，非全局最优，删除聚类，j = 19
收敛，非全局最优，删除聚类，j = 20
收敛，非全局最优，删除聚类，j = 21
收敛至全局最优，j = 22
******************第443帧估计成功!******************
real_s = 0.0057881 | estimat_s = 0.005819
real_sigma = 0.001 | estimat_sigma = 0.0010016
real_k = 16.7812 | estimat_k = 16.8772
TrueCluster = 4 | estimat_cluster = 4
Iterations = 22 | empirical_KLD = 0.030754
************************************************
此帧用时为18.0395 seconds！
************************************************
拐点,7次迭代周期后启动判决，j = 9
判决冗余概率，但发现接近收敛，不删除聚类，j = 16
收敛，非全局最优，删除聚类，j = 19
收敛，非全局最优，删除聚类，j = 21
收敛，非全局最优，删除聚类，j = 23
收敛，非全局最优，删除聚类，j = 24
收敛至全局最优，j = 26
******************第444帧估计成功!******************
real_s = 0.0057872 | estimat_s = 0.0057969
real_sigma = 0.0010051 | estimat_sigma = 0.0010032
real_k = 16.6012 | estimat_k = 16.6948
TrueCluster = 4 | estimat_cluster = 4
Iterations = 26 | empirical_KLD = 0.023586
************************************************
此帧用时为20.7032 seconds！
************************************************
拐点,7次迭代周期后启动判决，j = 5
判决冗余概率，但发现接近收敛，不删除聚类，j = 12
收敛，非全局最优，删除聚类，j = 15
收敛，非全局最优，删除聚类，j = 17
收敛，非全局最优，删除聚类，j = 18
收敛，非全局最优，删除聚类，j = 19
收敛至全局最优，j = 21
******************第445帧估计成功!******************
real_s = 0.0057707 | estimat_s = 0.0057419
real_sigma = 0.0010111 | estimat_sigma = 0.0010117
real_k = 16.3358 | estimat_k = 16.1045
TrueCluster = 4 | estimat_cluster = 4
Iterations = 21 | empirical_KLD = 0.031499
************************************************
此帧用时为17.3316 seconds！
************************************************
收敛，非全局最优，删除聚类，j = 12
收敛，非全局最优，删除聚类，j = 13
收敛，非全局最优，删除聚类，j = 14
收敛，非全局最优，删除聚类，j = 15
收敛至全局最优，j = 17
******************第446帧估计成功!******************
real_s = 0.0057546 | estimat_s = 0.0057565
real_sigma = 0.0010096 | estimat_sigma = 0.0010159
real_k = 16.2934 | estimat_k = 16.0528
TrueCluster = 4 | estimat_cluster = 4
Iterations = 17 | empirical_KLD = 0.031814
************************************************
此帧用时为14.3985 seconds！
************************************************
拐点,7次迭代周期后启动判决，j = 8
判决冗余概率，但发现接近收敛，不删除聚类，j = 15
收敛，非全局最优，删除聚类，j = 16
收敛，非全局最优，删除聚类，j = 18
收敛，非全局最优，删除聚类，j = 19
收敛，非全局最优，删除聚类，j = 20
收敛至全局最优，j = 22
******************第447帧估计成功!******************
real_s = 0.0057245 | estimat_s = 0.0057309
real_sigma = 0.0010219 | estimat_sigma = 0.0010256
real_k = 15.7071 | estimat_k = 15.6128
TrueCluster = 4 | estimat_cluster = 4
Iterations = 22 | empirical_KLD = 0.027119
************************************************
此帧用时为18.2812 seconds！
************************************************
拐点,7次迭代周期后启动判决，j = 6
判决冗余概率，删除聚类，j = 13
收敛，非全局最优，删除聚类，j = 16
收敛，非全局最优，删除聚类，j = 18
收敛，非全局最优，删除聚类，j = 19
收敛至全局最优，j = 21
******************第448帧估计成功!******************
real_s = 0.0056991 | estimat_s = 0.0056984
real_sigma = 0.0010019 | estimat_sigma = 0.0010024
real_k = 16.2837 | estimat_k = 16.1572
TrueCluster = 4 | estimat_cluster = 4
Iterations = 21 | empirical_KLD = 0.02634
************************************************
此帧用时为19.0977 seconds！
************************************************
拐点,7次迭代周期后启动判决，j = 7
判决冗余概率，但发现接近收敛，不删除聚类，j = 14
收敛，非全局最优，删除聚类，j = 16
收敛，非全局最优，删除聚类，j = 18
收敛，非全局最优，删除聚类，j = 19
收敛，非全局最优，删除聚类，j = 20
收敛至全局最优，j = 22
******************第449帧估计成功!******************
real_s = 0.0056893 | estimat_s = 0.0056642
real_sigma = 0.001007 | estimat_sigma = 0.00099885
real_k = 16.071 | estimat_k = 16.0789
TrueCluster = 4 | estimat_cluster = 4
Iterations = 22 | empirical_KLD = 0.026992
************************************************
此帧用时为22.3421 seconds！
************************************************
收敛，非全局最优，删除聚类，j = 11
收敛，非全局最优，删除聚类，j = 13
收敛，非全局最优，删除聚类，j = 14
收敛，非全局最优，删除聚类，j = 15
收敛至全局最优，j = 17
******************第450帧估计成功!******************
real_s = 0.0056847 | estimat_s = 0.0056904
real_sigma = 0.00099139 | estimat_sigma = 0.00099559
real_k = 16.5315 | estimat_k = 16.3339
TrueCluster = 4 | estimat_cluster = 4
Iterations = 17 | empirical_KLD = 0.026185
************************************************
此帧用时为18.0928 seconds！
************************************************
收敛，非全局最优，删除聚类，j = 14
收敛，非全局最优，删除聚类，j = 16
收敛，非全局最优，删除聚类，j = 18
收敛，非全局最优，删除聚类，j = 19
收敛至全局最优，j = 21
******************第451帧估计成功!******************
real_s = 0.005684 | estimat_s = 0.0056871
real_sigma = 0.00098858 | estimat_sigma = 0.00098918
real_k = 16.6173 | estimat_k = 16.5272
TrueCluster = 4 | estimat_cluster = 4
Iterations = 21 | empirical_KLD = 0.023785
************************************************
此帧用时为20.987 seconds！
************************************************
拐点,7次迭代周期后启动判决，j = 10
判决冗余概率，删除聚类，j = 17
收敛，非全局最优，删除聚类，j = 19
收敛，非全局最优，删除聚类，j = 20
收敛，非全局最优，删除聚类，j = 21
收敛至全局最优，j = 23
******************第452帧估计成功!******************
real_s = 0.0057091 | estimat_s = 0.0056951
real_sigma = 0.00098704 | estimat_sigma = 0.00098832
real_k = 16.8023 | estimat_k = 16.6024
TrueCluster = 4 | estimat_cluster = 4
Iterations = 23 | empirical_KLD = 0.026192
************************************************
此帧用时为23.2218 seconds！
************************************************
收敛，非全局最优，删除聚类，j = 20
收敛，非全局最优，删除聚类，j = 22
收敛，非全局最优，删除聚类，j = 23
收敛，非全局最优，删除聚类，j = 24
收敛至全局最优，j = 25
******************第453帧估计成功!******************
real_s = 0.0057286 | estimat_s = 0.0057323
real_sigma = 0.001001 | estimat_sigma = 0.0010043
real_k = 16.3933 | estimat_k = 16.291
TrueCluster = 4 | estimat_cluster = 4
Iterations = 25 | empirical_KLD = 0.026128
************************************************
此帧用时为25.5612 seconds！
************************************************
收敛，非全局最优，删除聚类，j = 13
收敛，非全局最优，删除聚类，j = 15
收敛，非全局最优，删除聚类，j = 16
收敛，非全局最优，删除聚类，j = 17
收敛至全局最优，j = 19
******************第454帧估计成功!******************
real_s = 0.0057351 | estimat_s = 0.005739
real_sigma = 0.00099225 | estimat_sigma = 0.0010061
real_k = 16.7111 | estimat_k = 16.2684
TrueCluster = 4 | estimat_cluster = 4
Iterations = 19 | empirical_KLD = 0.028674
************************************************
此帧用时为20.4864 seconds！
************************************************
拐点,7次迭代周期后启动判决，j = 6
判决冗余概率，但发现接近收敛，不删除聚类，j = 13
收敛，非全局最优，删除聚类，j = 16
收敛，非全局最优，删除聚类，j = 18
收敛，非全局最优，删除聚类，j = 20
收敛，非全局最优，删除聚类，j = 21
收敛至全局最优，j = 23
******************第455帧估计成功!******************
real_s = 0.0057486 | estimat_s = 0.0057576
real_sigma = 0.00099717 | estimat_sigma = 0.00099435
real_k = 16.6234 | estimat_k = 16.7642
TrueCluster = 4 | estimat_cluster = 4
Iterations = 23 | empirical_KLD = 0.027185
************************************************
此帧用时为21.3799 seconds！
************************************************
拐点,7次迭代周期后启动判决，j = 6
判决冗余概率，但发现接近收敛，不删除聚类，j = 13
收敛，非全局最优，删除聚类，j = 14
收敛，非全局最优，删除聚类，j = 15
收敛，非全局最优，删除聚类，j = 16
收敛，非全局最优，删除聚类，j = 17
收敛至全局最优，j = 18
******************第456帧估计成功!******************
real_s = 0.0057364 | estimat_s = 0.0057562
real_sigma = 0.00099477 | estimat_sigma = 0.00099491
real_k = 16.6323 | estimat_k = 16.7369
TrueCluster = 4 | estimat_cluster = 4
Iterations = 18 | empirical_KLD = 0.0329
************************************************
此帧用时为16.0165 seconds！
************************************************
收敛，非全局最优，删除聚类，j = 16
收敛，非全局最优，删除聚类，j = 17
收敛，非全局最优，删除聚类，j = 19
收敛，非全局最优，删除聚类，j = 20
收敛至全局最优，j = 22
******************第457帧估计成功!******************
real_s = 0.0057156 | estimat_s = 0.0056946
real_sigma = 0.00099663 | estimat_sigma = 0.00099855
real_k = 16.4607 | estimat_k = 16.2616
TrueCluster = 4 | estimat_cluster = 4
Iterations = 22 | empirical_KLD = 0.024007
************************************************
此帧用时为18.3835 seconds！
************************************************
拐点,7次迭代周期后启动判决，j = 11
判决冗余概率，但发现接近收敛，不删除聚类，j = 18
收敛，非全局最优，删除聚类，j = 21
收敛，非全局最优，删除聚类，j = 23
收敛，非全局最优，删除聚类，j = 24
收敛，非全局最优，删除聚类，j = 25
收敛至全局最优，j = 26
******************第458帧估计成功!******************
real_s = 0.0057182 | estimat_s = 0.0057074
real_sigma = 0.00099926 | estimat_sigma = 0.0010001
real_k = 16.3864 | estimat_k = 16.2852
TrueCluster = 4 | estimat_cluster = 4
Iterations = 26 | empirical_KLD = 0.028265
************************************************
此帧用时为21.0666 seconds！
************************************************
拐点,7次迭代周期后启动判决，j = 10
判决冗余概率，但发现接近收敛，不删除聚类，j = 17
收敛，非全局最优，删除聚类，j = 21
收敛，非全局最优，删除聚类，j = 23
收敛，非全局最优，删除聚类，j = 24
收敛，非全局最优，删除聚类，j = 25
收敛至全局最优，j = 27
******************第459帧估计成功!******************
real_s = 0.0057366 | estimat_s = 0.0057472
real_sigma = 0.0010006 | estimat_sigma = 0.0010006
real_k = 16.4485 | estimat_k = 16.4951
TrueCluster = 4 | estimat_cluster = 4
Iterations = 27 | empirical_KLD = 0.026049
************************************************
此帧用时为22.052 seconds！
************************************************
拐点,7次迭代周期后启动判决，j = 10
判决冗余概率，但发现接近收敛，不删除聚类，j = 17
收敛，非全局最优，删除聚类，j = 18
收敛，非全局最优，删除聚类，j = 19
收敛，非全局最优，删除聚类，j = 20
收敛，非全局最优，删除聚类，j = 21
收敛至全局最优，j = 23
******************第460帧估计成功!******************
real_s = 0.0057363 | estimat_s = 0.005745
real_sigma = 0.00101 | estimat_sigma = 0.00101
real_k = 16.1575 | estimat_k = 16.1761
TrueCluster = 4 | estimat_cluster = 4
Iterations = 23 | empirical_KLD = 0.028325
************************************************
此帧用时为19.2473 seconds！
************************************************
拐点,7次迭代周期后启动判决，j = 6
判决冗余概率，但发现接近收敛，不删除聚类，j = 13
收敛，非全局最优，删除聚类，j = 14
收敛，非全局最优，删除聚类，j = 16
收敛，非全局最优，删除聚类，j = 17
收敛，非全局最优，删除聚类，j = 18
收敛至全局最优，j = 20
******************第461帧估计成功!******************
real_s = 0.0057631 | estimat_s = 0.0057625
real_sigma = 0.001025 | estimat_sigma = 0.0010237
real_k = 15.8457 | estimat_k = 15.8434
TrueCluster = 4 | estimat_cluster = 4
Iterations = 20 | empirical_KLD = 0.026324
************************************************
此帧用时为16.8513 seconds！
************************************************
收敛，非全局最优，删除聚类，j = 15
收敛，非全局最优，删除聚类，j = 16
收敛，非全局最优，删除聚类，j = 17
收敛，非全局最优，删除聚类，j = 18
收敛至全局最优，j = 20
******************第462帧估计成功!******************
real_s = 0.0057734 | estimat_s = 0.0057816
real_sigma = 0.0010176 | estimat_sigma = 0.0010175
real_k = 16.1387 | estimat_k = 16.1428
TrueCluster = 4 | estimat_cluster = 4
Iterations = 20 | empirical_KLD = 0.025725
************************************************
此帧用时为17.3502 seconds！
************************************************
拐点,7次迭代周期后启动判决，j = 9
判决冗余概率，但发现接近收敛，不删除聚类，j = 16
收敛，非全局最优，删除聚类，j = 17
收敛，非全局最优，删除聚类，j = 19
收敛，非全局最优，删除聚类，j = 20
收敛，非全局最优，删除聚类，j = 21
收敛至全局最优，j = 23
******************第463帧估计成功!******************
real_s = 0.0057466 | estimat_s = 0.0057245
real_sigma = 0.0010228 | estimat_sigma = 0.0010209
real_k = 15.8262 | estimat_k = 15.7205
TrueCluster = 4 | estimat_cluster = 4
Iterations = 23 | empirical_KLD = 0.027836
************************************************
此帧用时为19.4563 seconds！
************************************************
拐点,7次迭代周期后启动判决，j = 9
判决冗余概率，删除聚类，j = 16
收敛，非全局最优，删除聚类，j = 22
收敛，非全局最优，删除聚类，j = 23
收敛，非全局最优，删除聚类，j = 24
收敛至全局最优，j = 26
******************第464帧估计成功!******************
real_s = 0.0057238 | estimat_s = 0.00572
real_sigma = 0.0010271 | estimat_sigma = 0.0010277
real_k = 15.5516 | estimat_k = 15.4891
TrueCluster = 4 | estimat_cluster = 4
Iterations = 26 | empirical_KLD = 0.025431
************************************************
此帧用时为21.6205 seconds！
************************************************
收敛，非全局最优，删除聚类，j = 14
收敛，非全局最优，删除聚类，j = 15
收敛，非全局最优，删除聚类，j = 16
收敛，非全局最优，删除聚类，j = 17
收敛至全局最优，j = 19
******************第465帧估计成功!******************
real_s = 0.0057159 | estimat_s = 0.0057237
real_sigma = 0.0010213 | estimat_sigma = 0.0010227
real_k = 15.6847 | estimat_k = 15.6613
TrueCluster = 4 | estimat_cluster = 4
Iterations = 19 | empirical_KLD = 0.024891
************************************************
此帧用时为16.5933 seconds！
************************************************
拐点,7次迭代周期后启动判决，j = 8
判决冗余概率，删除聚类，j = 15
收敛，非全局最优，删除聚类，j = 19
收敛，非全局最优，删除聚类，j = 21
收敛，非全局最优，删除聚类，j = 22
收敛至全局最优，j = 24
******************第466帧估计成功!******************
real_s = 0.0056782 | estimat_s = 0.0056663
real_sigma = 0.0010184 | estimat_sigma = 0.0010199
real_k = 15.5693 | estimat_k = 15.4334
TrueCluster = 4 | estimat_cluster = 4
Iterations = 24 | empirical_KLD = 0.027774
************************************************
此帧用时为20.1318 seconds！
************************************************
收敛，非全局最优，删除聚类，j = 11
收敛，非全局最优，删除聚类，j = 13
收敛，非全局最优，删除聚类，j = 14
收敛，非全局最优，删除聚类，j = 15
收敛至全局最优，j = 17
******************第467帧估计成功!******************
real_s = 0.0056654 | estimat_s = 0.0056926
real_sigma = 0.0010204 | estimat_sigma = 0.0010186
real_k = 15.4327 | estimat_k = 15.6176
TrueCluster = 4 | estimat_cluster = 4
Iterations = 17 | empirical_KLD = 0.023445
************************************************
此帧用时为14.8941 seconds！
************************************************
拐点,7次迭代周期后启动判决，j = 5
判决冗余概率，但发现接近收敛，不删除聚类，j = 12
收敛，非全局最优，删除聚类，j = 15
收敛，非全局最优，删除聚类，j = 16
收敛，非全局最优，删除聚类，j = 18
收敛，非全局最优，删除聚类，j = 19
收敛至全局最优，j = 21
******************第468帧估计成功!******************
real_s = 0.0056494 | estimat_s = 0.0056546
real_sigma = 0.0010236 | estimat_sigma = 0.0010339
real_k = 15.2561 | estimat_k = 14.956
TrueCluster = 4 | estimat_cluster = 4
Iterations = 21 | empirical_KLD = 0.023338
************************************************
此帧用时为18.0636 seconds！
************************************************
收敛，非全局最优，删除聚类，j = 15
收敛，非全局最优，删除聚类，j = 17
收敛，非全局最优，删除聚类，j = 18
收敛，非全局最优，删除聚类，j = 19
收敛至全局最优，j = 21
******************第469帧估计成功!******************
real_s = 0.005649 | estimat_s = 0.0056278
real_sigma = 0.0010141 | estimat_sigma = 0.001016
real_k = 15.5753 | estimat_k = 15.3421
TrueCluster = 4 | estimat_cluster = 4
Iterations = 21 | empirical_KLD = 0.025592
************************************************
此帧用时为18.3012 seconds！
************************************************
拐点,7次迭代周期后启动判决，j = 9
判决冗余概率，但发现接近收敛，不删除聚类，j = 16
收敛，非全局最优，删除聚类，j = 23
收敛，非全局最优，删除聚类，j = 25
收敛，非全局最优，删除聚类，j = 26
收敛，非全局最优，删除聚类，j = 28
收敛至全局最优，j = 30
******************第470帧估计成功!******************
real_s = 0.0056324 | estimat_s = 0.0056311
real_sigma = 0.001003 | estimat_sigma = 0.00099794
real_k = 15.8483 | estimat_k = 15.92
TrueCluster = 4 | estimat_cluster = 4
Iterations = 30 | empirical_KLD = 0.025828
************************************************
此帧用时为24.2176 seconds！
************************************************
收敛，非全局最优，删除聚类，j = 16
收敛，非全局最优，删除聚类，j = 18
收敛，非全局最优，删除聚类，j = 19
收敛，非全局最优，删除聚类，j = 20
收敛至全局最优，j = 22
******************第471帧估计成功!******************
real_s = 0.0056593 | estimat_s = 0.0056828
real_sigma = 0.00099368 | estimat_sigma = 0.0010062
real_k = 16.2694 | estimat_k = 15.9486
TrueCluster = 4 | estimat_cluster = 4
Iterations = 22 | empirical_KLD = 0.025211
************************************************
此帧用时为18.7831 seconds！
************************************************
拐点,7次迭代周期后启动判决，j = 12
判决冗余概率，但发现接近收敛，不删除聚类，j = 19
收敛，非全局最优，删除聚类，j = 22
收敛，非全局最优，删除聚类，j = 24
收敛，非全局最优，删除聚类，j = 25
收敛，非全局最优，删除聚类，j = 26
收敛至全局最优，j = 28
******************第472帧估计成功!******************
real_s = 0.0056715 | estimat_s = 0.0056783
real_sigma = 0.0010004 | estimat_sigma = 0.0010066
real_k = 16.1298 | estimat_k = 15.9097
TrueCluster = 4 | estimat_cluster = 4
Iterations = 28 | empirical_KLD = 0.025941
************************************************
此帧用时为23.2609 seconds！
************************************************
拐点,7次迭代周期后启动判决，j = 9
判决冗余概率，但发现接近收敛，不删除聚类，j = 16
收敛，非全局最优，删除聚类，j = 17
收敛，非全局最优，删除聚类，j = 18
收敛，非全局最优，删除聚类，j = 19
收敛，非全局最优，删除聚类，j = 20
收敛至全局最优，j = 22
******************第473帧估计成功!******************
real_s = 0.0057 | estimat_s = 0.0057206
real_sigma = 0.0009928 | estimat_sigma = 0.00098951
real_k = 16.5097 | estimat_k = 16.7112
TrueCluster = 4 | estimat_cluster = 4
Iterations = 22 | empirical_KLD = 0.02799
************************************************
此帧用时为18.8237 seconds！
************************************************
拐点,7次迭代周期后启动判决，j = 8
判决冗余概率，但发现接近收敛，不删除聚类，j = 15
收敛，非全局最优，删除聚类，j = 20
收敛，非全局最优，删除聚类，j = 22
收敛，非全局最优，删除聚类，j = 23
收敛，非全局最优，删除聚类，j = 24
收敛至全局最优，j = 26
******************第474帧估计成功!******************
real_s = 0.0057103 | estimat_s = 0.0057133
real_sigma = 0.0010083 | estimat_sigma = 0.0010141
real_k = 16.0616 | estimat_k = 15.8699
TrueCluster = 4 | estimat_cluster = 4
Iterations = 26 | empirical_KLD = 0.022023
************************************************
此帧用时为21.8239 seconds！
************************************************
拐点,7次迭代周期后启动判决，j = 7
判决冗余概率，但发现接近收敛，不删除聚类，j = 14
收敛，非全局最优，删除聚类，j = 15
收敛，非全局最优，删除聚类，j = 16
收敛，非全局最优，删除聚类，j = 17
收敛，非全局最优，删除聚类，j = 18
收敛至全局最优，j = 20
******************第475帧估计成功!******************
real_s = 0.0057231 | estimat_s = 0.0057254
real_sigma = 0.0010123 | estimat_sigma = 0.001018
real_k = 15.9987 | estimat_k = 15.8164
TrueCluster = 4 | estimat_cluster = 4
Iterations = 20 | empirical_KLD = 0.02457
************************************************
此帧用时为17.3826 seconds！
************************************************
收敛，非全局最优，删除聚类，j = 10
收敛，非全局最优，删除聚类，j = 11
收敛，非全局最优，删除聚类，j = 12
收敛，非全局最优，删除聚类，j = 13
收敛至全局最优，j = 15
******************第476帧估计成功!******************
real_s = 0.0057008 | estimat_s = 0.0057068
real_sigma = 0.0010134 | estimat_sigma = 0.0010131
real_k = 15.8399 | estimat_k = 15.8655
TrueCluster = 4 | estimat_cluster = 4
Iterations = 15 | empirical_KLD = 0.023867
************************************************
此帧用时为13.6388 seconds！
************************************************
拐点,7次迭代周期后启动判决，j = 6
判决冗余概率，删除聚类，j = 13
收敛，非全局最优，删除聚类，j = 18
收敛，非全局最优，删除聚类，j = 20
收敛，非全局最优，删除聚类，j = 21
收敛至全局最优，j = 23
******************第477帧估计成功!******************
real_s = 0.0056726 | estimat_s = 0.0056963
real_sigma = 0.0010072 | estimat_sigma = 0.0010168
real_k = 15.8748 | estimat_k = 15.6932
TrueCluster = 4 | estimat_cluster = 4
Iterations = 23 | empirical_KLD = 0.028725
************************************************
此帧用时为19.3471 seconds！
************************************************
拐点,7次迭代周期后启动判决，j = 12
判决冗余概率，但发现接近收敛，不删除聚类，j = 19
收敛，非全局最优，删除聚类，j = 24
收敛，非全局最优，删除聚类，j = 25
收敛，非全局最优，删除聚类，j = 27
收敛，非全局最优，删除聚类，j = 29
收敛至全局最优，j = 31
******************第478帧估计成功!******************
real_s = 0.00563 | estimat_s = 0.0056318
real_sigma = 0.0010072 | estimat_sigma = 0.00099982
real_k = 15.6363 | estimat_k = 15.8644
TrueCluster = 4 | estimat_cluster = 4
Iterations = 31 | empirical_KLD = 0.024698
************************************************
此帧用时为25.7207 seconds！
************************************************
拐点,7次迭代周期后启动判决，j = 9
判决冗余概率，但发现接近收敛，不删除聚类，j = 16
收敛，非全局最优，删除聚类，j = 17
收敛，非全局最优，删除聚类，j = 19
收敛，非全局最优，删除聚类，j = 20
收敛，非全局最优，删除聚类，j = 21
收敛至全局最优，j = 22
******************第479帧估计成功!******************
real_s = 0.0056055 | estimat_s = 0.0056168
real_sigma = 0.00099884 | estimat_sigma = 0.00099624
real_k = 15.757 | estimat_k = 15.8938
TrueCluster = 4 | estimat_cluster = 4
Iterations = 22 | empirical_KLD = 0.023753
************************************************
此帧用时为19.1797 seconds！
************************************************
拐点,7次迭代周期后启动判决，j = 6
判决冗余概率，但发现接近收敛，不删除聚类，j = 13
收敛，非全局最优，删除聚类，j = 14
收敛，非全局最优，删除聚类，j = 15
收敛，非全局最优，删除聚类，j = 16
收敛，非全局最优，删除聚类，j = 17
收敛至全局最优，j = 19
******************第480帧估计成功!******************
real_s = 0.0056122 | estimat_s = 0.005617
real_sigma = 0.00099405 | estimat_sigma = 0.00099354
real_k = 15.9687 | estimat_k = 15.9813
TrueCluster = 4 | estimat_cluster = 4
Iterations = 19 | empirical_KLD = 0.024442
************************************************
此帧用时为16.9282 seconds！
************************************************
拐点,7次迭代周期后启动判决，j = 8
判决冗余概率，但发现接近收敛，不删除聚类，j = 15
收敛，非全局最优，删除聚类，j = 16
收敛，非全局最优，删除聚类，j = 17
收敛，非全局最优，删除聚类，j = 18
收敛，非全局最优，删除聚类，j = 19
收敛至全局最优，j = 21
******************第481帧估计成功!******************
real_s = 0.0056423 | estimat_s = 0.0056449
real_sigma = 0.00099663 | estimat_sigma = 0.00099427
real_k = 16.0553 | estimat_k = 16.117
TrueCluster = 4 | estimat_cluster = 4
Iterations = 21 | empirical_KLD = 0.026052
************************************************
此帧用时为18.6717 seconds！
************************************************
拐点,7次迭代周期后启动判决，j = 8
判决冗余概率，但发现接近收敛，不删除聚类，j = 15
收敛，非全局最优，删除聚类，j = 18
收敛，非全局最优，删除聚类，j = 19
收敛，非全局最优，删除聚类，j = 21
收敛，非全局最优，删除聚类，j = 22
收敛至全局最优，j = 24
******************第482帧估计成功!******************
real_s = 0.0056789 | estimat_s = 0.0056888
real_sigma = 0.00099412 | estimat_sigma = 0.00098947
real_k = 16.3477 | estimat_k = 16.5274
TrueCluster = 4 | estimat_cluster = 4
Iterations = 24 | empirical_KLD = 0.025869
************************************************
此帧用时为20.7205 seconds！
************************************************
拐点,7次迭代周期后启动判决，j = 5
判决冗余概率，但发现接近收敛，不删除聚类，j = 12
收敛，非全局最优，删除聚类，j = 17
收敛，非全局最优，删除聚类，j = 19
收敛，非全局最优，删除聚类，j = 20
收敛，非全局最优，删除聚类，j = 22
收敛至全局最优，j = 24
******************第483帧估计成功!******************
real_s = 0.0057272 | estimat_s = 0.0057171
real_sigma = 0.00099005 | estimat_sigma = 0.00099354
real_k = 16.7544 | estimat_k = 16.5555
TrueCluster = 4 | estimat_cluster = 4
Iterations = 24 | empirical_KLD = 0.0272
************************************************
此帧用时为20.7005 seconds！
************************************************
收敛，非全局最优，删除聚类，j = 16
收敛，非全局最优，删除聚类，j = 18
收敛，非全局最优，删除聚类，j = 19
收敛，非全局最优，删除聚类，j = 20
收敛至全局最优，j = 22
******************第484帧估计成功!******************
real_s = 0.0057516 | estimat_s = 0.0057398
real_sigma = 0.00099549 | estimat_sigma = 0.00099347
real_k = 16.7199 | estimat_k = 16.6902
TrueCluster = 4 | estimat_cluster = 4
Iterations = 22 | empirical_KLD = 0.029649
************************************************
此帧用时为19.2936 seconds！
************************************************
拐点,7次迭代周期后启动判决，j = 7
判决冗余概率，但发现接近收敛，不删除聚类，j = 14
收敛，非全局最优，删除聚类，j = 15
收敛，非全局最优，删除聚类，j = 17
收敛，非全局最优，删除聚类，j = 18
收敛，非全局最优，删除聚类，j = 19
收敛至全局最优，j = 21
******************第485帧估计成功!******************
real_s = 0.0057171 | estimat_s = 0.0057176
real_sigma = 0.0010101 | estimat_sigma = 0.0010078
real_k = 16.0491 | estimat_k = 16.0929
TrueCluster = 4 | estimat_cluster = 4
Iterations = 21 | empirical_KLD = 0.025458
************************************************
此帧用时为18.6783 seconds！
************************************************
收敛，非全局最优，删除聚类，j = 16
收敛，非全局最优，删除聚类，j = 17
收敛，非全局最优，删除聚类，j = 19
收敛，非全局最优，删除聚类，j = 20
收敛至全局最优，j = 22
******************第486帧估计成功!******************
real_s = 0.0056725 | estimat_s = 0.0056724
real_sigma = 0.0009983 | estimat_sigma = 0.00099308
real_k = 16.1802 | estimat_k = 16.3132
TrueCluster = 4 | estimat_cluster = 4
Iterations = 22 | empirical_KLD = 0.024783
************************************************
此帧用时为19.0849 seconds！
************************************************
拐点,7次迭代周期后启动判决，j = 5
判决冗余概率，但发现接近收敛，不删除聚类，j = 12
收敛，非全局最优，删除聚类，j = 19
收敛，非全局最优，删除聚类，j = 21
收敛，非全局最优，删除聚类，j = 22
收敛，非全局最优，删除聚类，j = 23
收敛至全局最优，j = 25
******************第487帧估计成功!******************
real_s = 0.0056338 | estimat_s = 0.0056513
real_sigma = 0.0010067 | estimat_sigma = 0.0010109
real_k = 15.7024 | estimat_k = 15.6254
TrueCluster = 4 | estimat_cluster = 4
Iterations = 25 | empirical_KLD = 0.021314
************************************************
此帧用时为21.4498 seconds！
************************************************
收敛，非全局最优，删除聚类，j = 15
收敛，非全局最优，删除聚类，j = 16
收敛，非全局最优，删除聚类，j = 17
收敛，非全局最优，删除聚类，j = 19
收敛至全局最优，j = 21
******************第488帧估计成功!******************
real_s = 0.0056079 | estimat_s = 0.0056174
real_sigma = 0.0010109 | estimat_sigma = 0.0010102
real_k = 15.4153 | estimat_k = 15.4613
TrueCluster = 4 | estimat_cluster = 4
Iterations = 21 | empirical_KLD = 0.024267
************************************************
此帧用时为18.5362 seconds！
************************************************
收敛，非全局最优，删除聚类，j = 13
收敛，非全局最优，删除聚类，j = 14
收敛，非全局最优，删除聚类，j = 16
收敛，非全局最优，删除聚类，j = 17
收敛至全局最优，j = 19
******************第489帧估计成功!******************
real_s = 0.0055988 | estimat_s = 0.0055995
real_sigma = 0.00099721 | estimat_sigma = 0.00099721
real_k = 15.8222 | estimat_k = 15.765
TrueCluster = 4 | estimat_cluster = 4
Iterations = 19 | empirical_KLD = 0.026029
************************************************
此帧用时为17.0204 seconds！
************************************************
收敛，非全局最优，删除聚类，j = 14
收敛，非全局最优，删除聚类，j = 16
收敛，非全局最优，删除聚类，j = 17
收敛，非全局最优，删除聚类，j = 18
收敛至全局最优，j = 20
******************第490帧估计成功!******************
real_s = 0.005599 | estimat_s = 0.0055898
real_sigma = 0.00099688 | estimat_sigma = 0.00099633
real_k = 15.8323 | estimat_k = 15.7379
TrueCluster = 4 | estimat_cluster = 4
Iterations = 20 | empirical_KLD = 0.025258
************************************************
此帧用时为17.9969 seconds！
************************************************
拐点,7次迭代周期后启动判决，j = 6
判决冗余概率，但发现接近收敛，不删除聚类，j = 13
收敛，非全局最优，删除聚类，j = 15
收敛，非全局最优，删除聚类，j = 16
收敛，非全局最优，删除聚类，j = 17
收敛，非全局最优，删除聚类，j = 18
收敛至全局最优，j = 20
******************第491帧估计成功!******************
real_s = 0.005624 | estimat_s = 0.0056143
real_sigma = 0.00099957 | estimat_sigma = 0.0010054
real_k = 15.8887 | estimat_k = 15.5926
TrueCluster = 4 | estimat_cluster = 4
Iterations = 20 | empirical_KLD = 0.02587
************************************************
此帧用时为18.1093 seconds！
************************************************
拐点,7次迭代周期后启动判决，j = 11
判决冗余概率，但发现接近收敛，不删除聚类，j = 18
收敛，非全局最优，删除聚类，j = 19
收敛，非全局最优，删除聚类，j = 20
收敛，非全局最优，删除聚类，j = 21
收敛，非全局最优，删除聚类，j = 22
收敛至全局最优，j = 24
******************第492帧估计成功!******************
real_s = 0.0056406 | estimat_s = 0.0056463
real_sigma = 0.00099553 | estimat_sigma = 0.00099196
real_k = 16.0982 | estimat_k = 16.1998
TrueCluster = 4 | estimat_cluster = 4
Iterations = 24 | empirical_KLD = 0.025883
************************************************
此帧用时为20.9165 seconds！
************************************************
收敛，非全局最优，删除聚类，j = 16
收敛，非全局最优，删除聚类，j = 18
收敛，非全局最优，删除聚类，j = 19
收敛，非全局最优，删除聚类，j = 20
收敛至全局最优，j = 22
******************第493帧估计成功!******************
real_s = 0.0056509 | estimat_s = 0.0056337
real_sigma = 0.00098704 | estimat_sigma = 0.00099216
real_k = 16.4432 | estimat_k = 16.1208
TrueCluster = 4 | estimat_cluster = 4
Iterations = 22 | empirical_KLD = 0.024139
************************************************
此帧用时为19.5287 seconds！
************************************************
拐点,7次迭代周期后启动判决，j = 6
判决冗余概率，但发现接近收敛，不删除聚类，j = 13
收敛，非全局最优，删除聚类，j = 14
收敛，非全局最优，删除聚类，j = 15
收敛，非全局最优，删除聚类，j = 16
收敛，非全局最优，删除聚类，j = 17
收敛至全局最优，j = 19
******************第494帧估计成功!******************
real_s = 0.0056292 | estimat_s = 0.0056305
real_sigma = 0.00099471 | estimat_sigma = 0.00099494
real_k = 16.0518 | estimat_k = 16.0128
TrueCluster = 4 | estimat_cluster = 4
Iterations = 19 | empirical_KLD = 0.027909
************************************************
此帧用时为17.4271 seconds！
************************************************
拐点,7次迭代周期后启动判决，j = 6
判决冗余概率，但发现接近收敛，不删除聚类，j = 13
收敛，非全局最优，删除聚类，j = 14
收敛，非全局最优，删除聚类，j = 15
收敛，非全局最优，删除聚类，j = 16
收敛，非全局最优，删除聚类，j = 17
收敛至全局最优，j = 19
******************第495帧估计成功!******************
real_s = 0.0056418 | estimat_s = 0.0056459
real_sigma = 0.00098073 | estimat_sigma = 0.00098263
real_k = 16.5682 | estimat_k = 16.5066
TrueCluster = 4 | estimat_cluster = 4
Iterations = 19 | empirical_KLD = 0.024524
************************************************
此帧用时为17.2228 seconds！
************************************************
拐点,7次迭代周期后启动判决，j = 11
判决冗余概率，但发现接近收敛，不删除聚类，j = 18
收敛，非全局最优，删除聚类，j = 19
收敛，非全局最优，删除聚类，j = 20
收敛，非全局最优，删除聚类，j = 21
收敛，非全局最优，删除聚类，j = 22
收敛至全局最优，j = 24
******************第496帧估计成功!******************
real_s = 0.005623 | estimat_s = 0.0056403
real_sigma = 0.00098462 | estimat_sigma = 0.00098009
real_k = 16.3299 | estimat_k = 16.5594
TrueCluster = 4 | estimat_cluster = 4
Iterations = 24 | empirical_KLD = 0.026908
************************************************
此帧用时为20.8716 seconds！
************************************************
拐点,7次迭代周期后启动判决，j = 9
判决冗余概率，但发现接近收敛，不删除聚类，j = 16
收敛，非全局最优，删除聚类，j = 19
收敛，非全局最优，删除聚类，j = 21
收敛，非全局最优，删除聚类，j = 23
收敛，非全局最优，删除聚类，j = 24
收敛至全局最优，j = 26
******************第497帧估计成功!******************
real_s = 0.0056156 | estimat_s = 0.0056349
real_sigma = 0.00099511 | estimat_sigma = 0.0010013
real_k = 15.9917 | estimat_k = 15.8339
TrueCluster = 4 | estimat_cluster = 4
Iterations = 26 | empirical_KLD = 0.02546
************************************************
此帧用时为22.6699 seconds！
************************************************
拐点,7次迭代周期后启动判决，j = 4
判决冗余概率，但发现接近收敛，不删除聚类，j = 11
收敛，非全局最优，删除聚类，j = 14
收敛，非全局最优，删除聚类，j = 15
收敛，非全局最优，删除聚类，j = 16
收敛，非全局最优，删除聚类，j = 17
收敛至全局最优，j = 19
******************第498帧估计成功!******************
real_s = 0.005614 | estimat_s = 0.0056126
real_sigma = 0.0010072 | estimat_sigma = 0.00099819
real_k = 15.5862 | estimat_k = 15.8078
TrueCluster = 4 | estimat_cluster = 4
Iterations = 19 | empirical_KLD = 0.024411
************************************************
此帧用时为17.5133 seconds！
************************************************
拐点,7次迭代周期后启动判决，j = 9
判决冗余概率，但发现接近收敛，不删除聚类，j = 16
收敛，非全局最优，删除聚类，j = 19
收敛，非全局最优，删除聚类，j = 21
收敛，非全局最优，删除聚类，j = 22
收敛，非全局最优，删除聚类，j = 23
收敛至全局最优，j = 25
******************第499帧估计成功!******************
real_s = 0.0056284 | estimat_s = 0.0056208
real_sigma = 0.0010194 | estimat_sigma = 0.0010288
real_k = 15.3054 | estimat_k = 14.9241
TrueCluster = 4 | estimat_cluster = 4
Iterations = 25 | empirical_KLD = 0.026369
************************************************
此帧用时为21.5289 seconds！
************************************************
收敛，非全局最优，删除聚类，j = 13
收敛，非全局最优，删除聚类，j = 14
收敛，非全局最优，删除聚类，j = 15
收敛，非全局最优，删除聚类，j = 16
收敛至全局最优，j = 17
******************第500帧估计成功!******************
real_s = 0.0056161 | estimat_s = 0.0056018
real_sigma = 0.0010244 | estimat_sigma = 0.0010271
real_k = 15.0619 | estimat_k = 14.8734
TrueCluster = 4 | estimat_cluster = 4
Iterations = 17 | empirical_KLD = 0.025387
************************************************
此帧用时为16.5113 seconds！
************************************************
拐点,7次迭代周期后启动判决，j = 6
判决冗余概率，但发现接近收敛，不删除聚类，j = 13
收敛，非全局最优，删除聚类，j = 15
收敛，非全局最优，删除聚类，j = 17
收敛，非全局最优，删除聚类，j = 18
收敛，非全局最优，删除聚类，j = 19
收敛至全局最优，j = 20
******************第501帧估计成功!******************
real_s = 0.0055933 | estimat_s = 0.0055945
real_sigma = 0.0010313 | estimat_sigma = 0.0010296
real_k = 14.7356 | estimat_k = 14.7623
TrueCluster = 4 | estimat_cluster = 4
Iterations = 20 | empirical_KLD = 0.024158
************************************************
此帧用时为18.5747 seconds！
************************************************
拐点,7次迭代周期后启动判决，j = 6
判决冗余概率，但发现接近收敛，不删除聚类，j = 13
收敛，非全局最优，删除聚类，j = 15
收敛，非全局最优，删除聚类，j = 17
收敛，非全局最优，删除聚类，j = 18
收敛，非全局最优，删除聚类，j = 19
收敛至全局最优，j = 20
******************第502帧估计成功!******************
real_s = 0.0055833 | estimat_s = 0.0055771
real_sigma = 0.0010242 | estimat_sigma = 0.0010339
real_k = 14.8782 | estimat_k = 14.5478
TrueCluster = 4 | estimat_cluster = 4
Iterations = 20 | empirical_KLD = 0.023094
************************************************
此帧用时为18.4168 seconds！
************************************************
收敛，非全局最优，删除聚类，j = 14
收敛，非全局最优，删除聚类，j = 15
收敛，非全局最优，删除聚类，j = 16
收敛，非全局最优，删除聚类，j = 17
收敛至全局最优，j = 19
******************第503帧估计成功!******************
real_s = 0.0055593 | estimat_s = 0.0055582
real_sigma = 0.0010216 | estimat_sigma = 0.0010156
real_k = 14.8275 | estimat_k = 14.975
TrueCluster = 4 | estimat_cluster = 4
Iterations = 19 | empirical_KLD = 0.026052
************************************************
此帧用时为17.7617 seconds！
************************************************
拐点,7次迭代周期后启动判决，j = 8
判决冗余概率，但发现接近收敛，不删除聚类，j = 15
收敛，非全局最优，删除聚类，j = 18
收敛，非全局最优，删除聚类，j = 20
收敛，非全局最优，删除聚类，j = 21
收敛，非全局最优，删除聚类，j = 22
收敛至全局最优，j = 24
******************第504帧估计成功!******************
real_s = 0.0055373 | estimat_s = 0.0055453
real_sigma = 0.0010219 | estimat_sigma = 0.0010237
real_k = 14.707 | estimat_k = 14.6703
TrueCluster = 4 | estimat_cluster = 4
Iterations = 24 | empirical_KLD = 0.023947
************************************************
此帧用时为21.4865 seconds！
************************************************
拐点,7次迭代周期后启动判决，j = 6
判决冗余概率，但发现接近收敛，不删除聚类，j = 13
收敛，非全局最优，删除聚类，j = 21
收敛，非全局最优，删除聚类，j = 23
收敛，非全局最优，删除聚类，j = 24
收敛，非全局最优，删除聚类，j = 25
收敛至全局最优，j = 27
******************第505帧估计成功!******************
real_s = 0.0055261 | estimat_s = 0.0055246
real_sigma = 0.0010194 | estimat_sigma = 0.001029
real_k = 14.7271 | estimat_k = 14.4137
TrueCluster = 4 | estimat_cluster = 4
Iterations = 27 | empirical_KLD = 0.022466
************************************************
此帧用时为23.7653 seconds！
************************************************
拐点,7次迭代周期后启动判决，j = 7
判决冗余概率，但发现接近收敛，不删除聚类，j = 14
收敛，非全局最优，删除聚类，j = 15
收敛，非全局最优，删除聚类，j = 16
收敛，非全局最优，删除聚类，j = 17
收敛，非全局最优，删除聚类，j = 18
收敛至全局最优，j = 20
******************第506帧估计成功!******************
real_s = 0.0055553 | estimat_s = 0.0055503
real_sigma = 0.0010173 | estimat_sigma = 0.0010108
real_k = 14.9391 | estimat_k = 15.0755
TrueCluster = 4 | estimat_cluster = 4
Iterations = 20 | empirical_KLD = 0.024889
************************************************
此帧用时为18.736 seconds！
************************************************
拐点,7次迭代周期后启动判决，j = 4
判决冗余概率，但发现接近收敛，不删除聚类，j = 11
收敛，非全局最优，删除聚类，j = 13
收敛，非全局最优，删除聚类，j = 14
收敛，非全局最优，删除聚类，j = 15
收敛，非全局最优，删除聚类，j = 17
收敛至全局最优，j = 18
******************第507帧估计成功!******************
real_s = 0.005528 | estimat_s = 0.00553
real_sigma = 0.0010055 | estimat_sigma = 0.0010071
real_k = 15.1497 | estimat_k = 15.0769
TrueCluster = 4 | estimat_cluster = 4
Iterations = 18 | empirical_KLD = 0.023622
************************************************
此帧用时为16.977 seconds！
************************************************
收敛，非全局最优，删除聚类，j = 15
收敛，非全局最优，删除聚类，j = 16
收敛，非全局最优，删除聚类，j = 18
收敛，非全局最优，删除聚类，j = 19
收敛至全局最优，j = 21
******************第508帧估计成功!******************
real_s = 0.0055227 | estimat_s = 0.0055064
real_sigma = 0.0010068 | estimat_sigma = 0.0010046
real_k = 15.0818 | estimat_k = 15.0211
TrueCluster = 4 | estimat_cluster = 4
Iterations = 21 | empirical_KLD = 0.026462
************************************************
此帧用时为19.1873 seconds！
************************************************
收敛，非全局最优，删除聚类，j = 16
收敛，非全局最优，删除聚类，j = 17
收敛，非全局最优，删除聚类，j = 19
收敛，非全局最优，删除聚类，j = 20
收敛至全局最优，j = 21
******************第509帧估计成功!******************
real_s = 0.0055042 | estimat_s = 0.0055057
real_sigma = 0.00099792 | estimat_sigma = 0.00099853
real_k = 15.2285 | estimat_k = 15.2006
TrueCluster = 4 | estimat_cluster = 4
Iterations = 21 | empirical_KLD = 0.022106
************************************************
此帧用时为19.2292 seconds！
************************************************
拐点,7次迭代周期后启动判决，j = 6
判决冗余概率，但发现接近收敛，不删除聚类，j = 13
收敛，非全局最优，删除聚类，j = 14
收敛，非全局最优，删除聚类，j = 15
收敛，非全局最优，删除聚类，j = 16
收敛，非全局最优，删除聚类，j = 17
收敛至全局最优，j = 19
******************第510帧估计成功!******************
real_s = 0.005517 | estimat_s = 0.0055233
real_sigma = 0.001009 | estimat_sigma = 0.0010137
real_k = 14.958 | estimat_k = 14.8442
TrueCluster = 4 | estimat_cluster = 4
Iterations = 19 | empirical_KLD = 0.026282
************************************************
此帧用时为17.8815 seconds！
************************************************
拐点,7次迭代周期后启动判决，j = 9
判决冗余概率，但发现接近收敛，不删除聚类，j = 16
收敛，非全局最优，删除聚类，j = 19
收敛，非全局最优，删除聚类，j = 21
收敛，非全局最优，删除聚类，j = 22
收敛，非全局最优，删除聚类，j = 23
收敛至全局最优，j = 24
******************第511帧估计成功!******************
real_s = 0.0055175 | estimat_s = 0.0055231
real_sigma = 0.0010133 | estimat_sigma = 0.0010165
real_k = 14.8384 | estimat_k = 14.762
TrueCluster = 4 | estimat_cluster = 4
Iterations = 24 | empirical_KLD = 0.025422
************************************************
此帧用时为21.8254 seconds！
************************************************
收敛，非全局最优，删除聚类，j = 13
收敛，非全局最优，删除聚类，j = 16
收敛，非全局最优，删除聚类，j = 18
收敛，非全局最优，删除聚类，j = 19
收敛至全局最优，j = 21
******************第512帧估计成功!******************
real_s = 0.0055745 | estimat_s = 0.0055661
real_sigma = 0.0010247 | estimat_sigma = 0.0010219
real_k = 14.7995 | estimat_k = 14.8333
TrueCluster = 4 | estimat_cluster = 4
Iterations = 21 | empirical_KLD = 0.024891
************************************************
此帧用时为19.6972 seconds！
************************************************
收敛，非全局最优，删除聚类，j = 16
收敛，非全局最优，删除聚类，j = 18
收敛，非全局最优，删除聚类，j = 20
收敛，非全局最优，删除聚类，j = 21
收敛至全局最优，j = 23
******************第513帧估计成功!******************
real_s = 0.0055992 | estimat_s = 0.0055883
real_sigma = 0.0010232 | estimat_sigma = 0.0010189
real_k = 14.9803 | estimat_k = 15.0396
TrueCluster = 4 | estimat_cluster = 4
Iterations = 23 | empirical_KLD = 0.025944
************************************************
此帧用时为20.9627 seconds！
************************************************
收敛，非全局最优，删除聚类，j = 11
收敛，非全局最优，删除聚类，j = 12
收敛，非全局最优，删除聚类，j = 13
收敛，非全局最优，删除聚类，j = 14
收敛至全局最优，j = 16
******************第514帧估计成功!******************
real_s = 0.0056428 | estimat_s = 0.0056551
real_sigma = 0.0010147 | estimat_sigma = 0.0010092
real_k = 15.4964 | estimat_k = 15.7003
TrueCluster = 4 | estimat_cluster = 4
Iterations = 16 | empirical_KLD = 0.023762
************************************************
此帧用时为15.9235 seconds！
************************************************
收敛，非全局最优，删除聚类，j = 11
收敛，非全局最优，删除聚类，j = 13
收敛，非全局最优，删除聚类，j = 14
收敛，非全局最优，删除聚类，j = 15
收敛至全局最优，j = 17
******************第515帧估计成功!******************
real_s = 0.0056587 | estimat_s = 0.0056722
real_sigma = 0.0010005 | estimat_sigma = 0.00099516
real_k = 16.0457 | estimat_k = 16.2439
TrueCluster = 4 | estimat_cluster = 4
Iterations = 17 | empirical_KLD = 0.02203
************************************************
此帧用时为16.7289 seconds！
************************************************
收敛，非全局最优，删除聚类，j = 12
收敛，非全局最优，删除聚类，j = 14
收敛，非全局最优，删除聚类，j = 16
收敛，非全局最优，删除聚类，j = 17
收敛至全局最优，j = 19
******************第516帧估计成功!******************
real_s = 0.0056474 | estimat_s = 0.0056597
real_sigma = 0.00099299 | estimat_sigma = 0.00099233
real_k = 16.2038 | estimat_k = 16.265
TrueCluster = 4 | estimat_cluster = 4
Iterations = 19 | empirical_KLD = 0.023712
************************************************
此帧用时为17.9232 seconds！
************************************************
拐点,7次迭代周期后启动判决，j = 6
判决冗余概率，但发现接近收敛，不删除聚类，j = 13
收敛，非全局最优，删除聚类，j = 14
收敛，非全局最优，删除聚类，j = 15
收敛，非全局最优，删除聚类，j = 17
收敛，非全局最优，删除聚类，j = 18
收敛至全局最优，j = 20
******************第517帧估计成功!******************
real_s = 0.0056309 | estimat_s = 0.0056358
real_sigma = 0.0010019 | estimat_sigma = 0.0010086
real_k = 15.8696 | estimat_k = 15.6115
TrueCluster = 4 | estimat_cluster = 4
Iterations = 20 | empirical_KLD = 0.025934
************************************************
此帧用时为18.9441 seconds！
************************************************
拐点,7次迭代周期后启动判决，j = 7
判决冗余概率，但发现接近收敛，不删除聚类，j = 14
收敛，非全局最优，删除聚类，j = 15
收敛，非全局最优，删除聚类，j = 16
收敛，非全局最优，删除聚类，j = 17
收敛，非全局最优，删除聚类，j = 18
收敛至全局最优，j = 20
******************第518帧估计成功!******************
real_s = 0.0056131 | estimat_s = 0.0056288
real_sigma = 0.0010051 | estimat_sigma = 0.00101
real_k = 15.6762 | estimat_k = 15.5301
TrueCluster = 4 | estimat_cluster = 4
Iterations = 20 | empirical_KLD = 0.025311
************************************************
此帧用时为18.835 seconds！
************************************************
收敛，非全局最优，删除聚类，j = 12
收敛，非全局最优，删除聚类，j = 13
收敛，非全局最优，删除聚类，j = 14
收敛，非全局最优，删除聚类，j = 16
收敛至全局最优，j = 17
******************第519帧估计成功!******************
real_s = 0.0056056 | estimat_s = 0.0056027
real_sigma = 0.0010065 | estimat_sigma = 0.0010028
real_k = 15.5839 | estimat_k = 15.608
TrueCluster = 4 | estimat_cluster = 4
Iterations = 17 | empirical_KLD = 0.025376
************************************************
此帧用时为16.6069 seconds！
************************************************
收敛，非全局最优，删除聚类，j = 17
收敛，非全局最优，删除聚类，j = 19
收敛，非全局最优，删除聚类，j = 20
收敛，非全局最优，删除聚类，j = 22
收敛至全局最优，j = 23
******************第520帧估计成功!******************
real_s = 0.0055791 | estimat_s = 0.0055723
real_sigma = 0.0010093 | estimat_sigma = 0.0010029
real_k = 15.3279 | estimat_k = 15.4345
TrueCluster = 4 | estimat_cluster = 4
Iterations = 23 | empirical_KLD = 0.022841
************************************************
此帧用时为20.9027 seconds！
************************************************
收敛，非全局最优，删除聚类，j = 15
收敛，非全局最优，删除聚类，j = 16
收敛，非全局最优，删除聚类，j = 18
收敛，非全局最优，删除聚类，j = 19
收敛至全局最优，j = 21
******************第521帧估计成功!******************
real_s = 0.0055778 | estimat_s = 0.0055739
real_sigma = 0.0010123 | estimat_sigma = 0.001007
real_k = 15.229 | estimat_k = 15.318
TrueCluster = 4 | estimat_cluster = 4
Iterations = 21 | empirical_KLD = 0.027658
************************************************
此帧用时为19.5084 seconds！
************************************************
收敛，非全局最优，删除聚类，j = 13
收敛，非全局最优，删除聚类，j = 15
收敛，非全局最优，删除聚类，j = 16
收敛，非全局最优，删除聚类，j = 18
收敛至全局最优，j = 20
******************第522帧估计成功!******************
real_s = 0.0055572 | estimat_s = 0.0055329
real_sigma = 0.0010018 | estimat_sigma = 0.0010003
real_k = 15.4122 | estimat_k = 15.2977
TrueCluster = 4 | estimat_cluster = 4
Iterations = 20 | empirical_KLD = 0.024958
************************************************
此帧用时为18.6976 seconds！
************************************************
拐点,7次迭代周期后启动判决，j = 7
判决冗余概率，但发现接近收敛，不删除聚类，j = 14
收敛，非全局最优，删除聚类，j = 15
收敛，非全局最优，删除聚类，j = 17
收敛，非全局最优，删除聚类，j = 18
收敛，非全局最优，删除聚类，j = 19
收敛至全局最优，j = 21
******************第523帧估计成功!******************
real_s = 0.0055478 | estimat_s = 0.0055521
real_sigma = 0.0010045 | estimat_sigma = 0.0010083
real_k = 15.2876 | estimat_k = 15.1592
TrueCluster = 4 | estimat_cluster = 4
Iterations = 21 | empirical_KLD = 0.022578
************************************************
此帧用时为19.5021 seconds！
************************************************
收敛，非全局最优，删除聚类，j = 15
收敛，非全局最优，删除聚类，j = 16
收敛，非全局最优，删除聚类，j = 18
收敛，非全局最优，删除聚类，j = 19
收敛至全局最优，j = 21
******************第524帧估计成功!******************
real_s = 0.0055273 | estimat_s = 0.0055285
real_sigma = 0.0010049 | estimat_sigma = 0.0010152
real_k = 15.1567 | estimat_k = 14.8287
TrueCluster = 4 | estimat_cluster = 4
Iterations = 21 | empirical_KLD = 0.021103
************************************************
此帧用时为19.3657 seconds！
************************************************
拐点,7次迭代周期后启动判决，j = 10
判决冗余概率，但发现接近收敛，不删除聚类，j = 17
收敛，非全局最优，删除聚类，j = 18
收敛，非全局最优，删除聚类，j = 20
收敛，非全局最优，删除聚类，j = 21
收敛，非全局最优，删除聚类，j = 22
收敛至全局最优，j = 24
******************第525帧估计成功!******************
real_s = 0.0055355 | estimat_s = 0.0055226
real_sigma = 0.00099713 | estimat_sigma = 0.00098891
real_k = 15.4831 | estimat_k = 15.5934
TrueCluster = 4 | estimat_cluster = 4
Iterations = 24 | empirical_KLD = 0.024398
************************************************
此帧用时为22.0128 seconds！
************************************************
拐点,7次迭代周期后启动判决，j = 6
判决冗余概率，删除聚类，j = 13
收敛，非全局最优，删除聚类，j = 24
收敛，非全局最优，删除聚类，j = 26
收敛，非全局最优，删除聚类，j = 27
收敛至全局最优，j = 29
******************第526帧估计成功!******************
real_s = 0.0055405 | estimat_s = 0.0055399
real_sigma = 0.00098971 | estimat_sigma = 0.00099336
real_k = 15.7415 | estimat_k = 15.5509
TrueCluster = 4 | estimat_cluster = 4
Iterations = 29 | empirical_KLD = 0.025303
************************************************
此帧用时为25.3691 seconds！
************************************************
收敛，非全局最优，删除聚类，j = 11
收敛，非全局最优，删除聚类，j = 12
收敛，非全局最优，删除聚类，j = 16
收敛，非全局最优，删除聚类，j = 18
收敛至全局最优，j = 20
******************第527帧估计成功!******************
real_s = 0.0055568 | estimat_s = 0.0055625
real_sigma = 0.00098471 | estimat_sigma = 0.00098363
real_k = 15.9847 | estimat_k = 15.99
TrueCluster = 4 | estimat_cluster = 4
Iterations = 20 | empirical_KLD = 0.022936
************************************************
此帧用时为18.8953 seconds！
************************************************
收敛，非全局最优，删除聚类，j = 13
收敛，非全局最优，删除聚类，j = 14
收敛，非全局最优，删除聚类，j = 15
收敛，非全局最优，删除聚类，j = 17
收敛至全局最优，j = 19
******************第528帧估计成功!******************
real_s = 0.0055608 | estimat_s = 0.0055594
real_sigma = 0.00097187 | estimat_sigma = 0.00096368
real_k = 16.3906 | estimat_k = 16.6401
TrueCluster = 4 | estimat_cluster = 4
Iterations = 19 | empirical_KLD = 0.026634
************************************************
此帧用时为18.5152 seconds！
************************************************
收敛，非全局最优，删除聚类，j = 14
收敛，非全局最优，删除聚类，j = 15
收敛，非全局最优，删除聚类，j = 16
收敛，非全局最优，删除聚类，j = 17
收敛至全局最优，j = 19
******************第529帧估计成功!******************
real_s = 0.0055628 | estimat_s = 0.005559
real_sigma = 0.00098299 | estimat_sigma = 0.00097797
real_k = 16.0678 | estimat_k = 16.1551
TrueCluster = 4 | estimat_cluster = 4
Iterations = 19 | empirical_KLD = 0.02663
************************************************
此帧用时为18.5206 seconds！
************************************************
拐点,7次迭代周期后启动判决，j = 9
判决冗余概率，删除聚类，j = 16
收敛，非全局最优，删除聚类，j = 25
收敛，非全局最优，删除聚类，j = 26
收敛，非全局最优，删除聚类，j = 27
收敛至全局最优，j = 28
******************第530帧估计成功!******************
real_s = 0.0055505 | estimat_s = 0.0055365
real_sigma = 0.00099806 | estimat_sigma = 0.00099931
real_k = 15.4887 | estimat_k = 15.3473
TrueCluster = 4 | estimat_cluster = 4
Iterations = 28 | empirical_KLD = 0.022538
************************************************
此帧用时为25.5992 seconds！
************************************************
收敛，非全局最优，删除聚类，j = 13
收敛，非全局最优，删除聚类，j = 15
收敛，非全局最优，删除聚类，j = 16
收敛，非全局最优，删除聚类，j = 17
收敛至全局最优，j = 19
******************第531帧估计成功!******************
real_s = 0.0055259 | estimat_s = 0.0055272
real_sigma = 0.00099749 | estimat_sigma = 0.0010038
real_k = 15.366 | estimat_k = 15.1607
TrueCluster = 4 | estimat_cluster = 4
Iterations = 19 | empirical_KLD = 0.021344
************************************************
此帧用时为18.448 seconds！
************************************************
拐点,7次迭代周期后启动判决，j = 6
判决冗余概率，删除聚类，j = 13
收敛，非全局最优，删除聚类，j = 22
收敛，非全局最优，删除聚类，j = 24
收敛，非全局最优，删除聚类，j = 25
收敛至全局最优，j = 27
******************第532帧估计成功!******************
real_s = 0.0054989 | estimat_s = 0.0054763
real_sigma = 0.00099689 | estimat_sigma = 0.00099523
real_k = 15.2324 | estimat_k = 15.1393
TrueCluster = 4 | estimat_cluster = 4
Iterations = 27 | empirical_KLD = 0.026152
************************************************
此帧用时为24.2421 seconds！
************************************************
收敛，非全局最优，删除聚类，j = 15
收敛，非全局最优，删除聚类，j = 16
收敛，非全局最优，删除聚类，j = 18
收敛，非全局最优，删除聚类，j = 19
收敛至全局最优，j = 21
******************第533帧估计成功!******************
real_s = 0.0054834 | estimat_s = 0.0054706
real_sigma = 0.0009993 | estimat_sigma = 0.00099759
real_k = 15.0668 | estimat_k = 15.0359
TrueCluster = 4 | estimat_cluster = 4
Iterations = 21 | empirical_KLD = 0.021185
************************************************
此帧用时为20.1657 seconds！
************************************************
收敛，非全局最优，删除聚类，j = 11
收敛，非全局最优，删除聚类，j = 13
收敛，非全局最优，删除聚类，j = 15
收敛，非全局最优，删除聚类，j = 16
收敛至全局最优，j = 19
******************第534帧估计成功!******************
real_s = 0.005484 | estimat_s = 0.0054809
real_sigma = 0.00099586 | estimat_sigma = 0.00099301
real_k = 15.1674 | estimat_k = 15.232
TrueCluster = 4 | estimat_cluster = 4
Iterations = 19 | empirical_KLD = 0.026526
************************************************
此帧用时为18.3421 seconds！
************************************************
收敛，非全局最优，删除聚类，j = 15
收敛，非全局最优，删除聚类，j = 16
收敛，非全局最优，删除聚类，j = 17
收敛，非全局最优，删除聚类，j = 18
收敛至全局最优，j = 21
******************第535帧估计成功!******************
real_s = 0.0054875 | estimat_s = 0.0054914
real_sigma = 0.00098942 | estimat_sigma = 0.00099465
real_k = 15.3878 | estimat_k = 15.2401
TrueCluster = 4 | estimat_cluster = 4
Iterations = 21 | empirical_KLD = 0.023196
************************************************
此帧用时为19.9717 seconds！
************************************************
拐点,7次迭代周期后启动判决，j = 7
判决冗余概率，但发现接近收敛，不删除聚类，j = 14
收敛，非全局最优，删除聚类，j = 20
收敛，非全局最优，删除聚类，j = 22
收敛，非全局最优，删除聚类，j = 23
收敛，非全局最优，删除聚类，j = 24
收敛至全局最优，j = 26
******************第536帧估计成功!******************
real_s = 0.0054941 | estimat_s = 0.0055141
real_sigma = 0.0010031 | estimat_sigma = 0.0010086
real_k = 15.0272 | estimat_k = 14.9445
TrueCluster = 4 | estimat_cluster = 4
Iterations = 26 | empirical_KLD = 0.025624
************************************************
此帧用时为23.4096 seconds！
************************************************
收敛，非全局最优，删除聚类，j = 13
收敛，非全局最优，删除聚类，j = 15
收敛，非全局最优，删除聚类，j = 16
收敛，非全局最优，删除聚类，j = 17
收敛至全局最优，j = 19
******************第537帧估计成功!******************
real_s = 0.0055087 | estimat_s = 0.0055142
real_sigma = 0.0010038 | estimat_sigma = 0.0010048
real_k = 15.0898 | estimat_k = 15.057
TrueCluster = 4 | estimat_cluster = 4
Iterations = 19 | empirical_KLD = 0.024158
************************************************
此帧用时为18.2707 seconds！
************************************************
收敛，非全局最优，删除聚类，j = 13
收敛，非全局最优，删除聚类，j = 15
收敛，非全局最优，删除聚类，j = 17
收敛，非全局最优，删除聚类，j = 19
收敛至全局最优，j = 21
******************第538帧估计成功!******************
real_s = 0.0055198 | estimat_s = 0.0055131
real_sigma = 0.0010069 | estimat_sigma = 0.001008
real_k = 15.0536 | estimat_k = 14.9578
TrueCluster = 4 | estimat_cluster = 4
Iterations = 21 | empirical_KLD = 0.02207
************************************************
此帧用时为20.0949 seconds！
************************************************
拐点,7次迭代周期后启动判决，j = 8
判决冗余概率，但发现接近收敛，不删除聚类，j = 15
收敛，非全局最优，删除聚类，j = 17
收敛，非全局最优，删除聚类，j = 19
收敛，非全局最优，删除聚类，j = 20
收敛，非全局最优，删除聚类，j = 21
收敛至全局最优，j = 23
******************第539帧估计成功!******************
real_s = 0.0055144 | estimat_s = 0.0055068
real_sigma = 0.00099868 | estimat_sigma = 0.0010005
real_k = 15.2784 | estimat_k = 15.1469
TrueCluster = 4 | estimat_cluster = 4
Iterations = 23 | empirical_KLD = 0.021395
************************************************
此帧用时为21.5537 seconds！
************************************************
收敛，非全局最优，删除聚类，j = 12
收敛，非全局最优，删除聚类，j = 13
收敛，非全局最优，删除聚类，j = 14
收敛，非全局最优，删除聚类，j = 15
收敛至全局最优，j = 16
******************第540帧估计成功!******************
real_s = 0.0054993 | estimat_s = 0.0055035
real_sigma = 0.0010096 | estimat_sigma = 0.0010128
real_k = 14.8703 | estimat_k = 14.7655
TrueCluster = 4 | estimat_cluster = 4
Iterations = 16 | empirical_KLD = 0.024349
************************************************
此帧用时为16.4062 seconds！
************************************************
拐点,7次迭代周期后启动判决，j = 9
判决冗余概率，但发现接近收敛，不删除聚类，j = 16
收敛，非全局最优，删除聚类，j = 18
收敛，非全局最优，删除聚类，j = 20
收敛，非全局最优，删除聚类，j = 21
收敛，非全局最优，删除聚类，j = 22
收敛至全局最优，j = 24
******************第541帧估计成功!******************
real_s = 0.0054985 | estimat_s = 0.0054797
real_sigma = 0.00098804 | estimat_sigma = 0.00098169
real_k = 15.5322 | estimat_k = 15.5784
TrueCluster = 4 | estimat_cluster = 4
Iterations = 24 | empirical_KLD = 0.022322
************************************************
此帧用时为22.2726 seconds！
************************************************
拐点,7次迭代周期后启动判决，j = 15
过删除，恢复聚类，j = 22
收敛，非全局最优，删除聚类，j = 28
收敛，非全局最优，删除聚类，j = 30
收敛，非全局最优，删除聚类，j = 31
收敛，非全局最优，删除聚类，j = 32
收敛，非全局最优，删除聚类，j = 33
收敛至全局最优，j = 35
******************第542帧估计成功!******************
real_s = 0.0054716 | estimat_s = 0.0054802
real_sigma = 0.00098475 | estimat_sigma = 0.00098185
real_k = 15.4833 | estimat_k = 15.5769
TrueCluster = 4 | estimat_cluster = 4
Iterations = 35 | empirical_KLD = 0.021677
************************************************
此帧用时为35.6188 seconds！
************************************************
收敛，非全局最优，删除聚类，j = 14
收敛，非全局最优，删除聚类，j = 15
收敛，非全局最优，删除聚类，j = 17
收敛，非全局最优，删除聚类，j = 18
收敛至全局最优，j = 19
******************第543帧估计成功!******************
real_s = 0.0054511 | estimat_s = 0.005444
real_sigma = 0.00099098 | estimat_sigma = 0.00098673
real_k = 15.1999 | estimat_k = 15.2199
TrueCluster = 4 | estimat_cluster = 4
Iterations = 19 | empirical_KLD = 0.022498
************************************************
此帧用时为22.8478 seconds！
************************************************
收敛，非全局最优，删除聚类，j = 13
收敛，非全局最优，删除聚类，j = 15
收敛，非全局最优，删除聚类，j = 16
收敛，非全局最优，删除聚类，j = 17
收敛至全局最优，j = 19
******************第544帧估计成功!******************
real_s = 0.0054218 | estimat_s = 0.0054299
real_sigma = 0.00099191 | estimat_sigma = 0.00099207
real_k = 15.0037 | estimat_k = 14.9783
TrueCluster = 4 | estimat_cluster = 4
Iterations = 19 | empirical_KLD = 0.022233
************************************************
此帧用时为18.7171 seconds！
************************************************
收敛，非全局最优，删除聚类，j = 12
收敛，非全局最优，删除聚类，j = 13
收敛，非全局最优，删除聚类，j = 15
收敛，非全局最优，删除聚类，j = 16
收敛至全局最优，j = 18
******************第545帧估计成功!******************
real_s = 0.0054111 | estimat_s = 0.0054208
real_sigma = 0.00098179 | estimat_sigma = 0.00098454
real_k = 15.2392 | estimat_k = 15.1577
TrueCluster = 4 | estimat_cluster = 4
Iterations = 18 | empirical_KLD = 0.020573
************************************************
此帧用时为17.9421 seconds！
************************************************
拐点,7次迭代周期后启动判决，j = 6
判决冗余概率，但发现接近收敛，不删除聚类，j = 13
收敛，非全局最优，删除聚类，j = 18
收敛，非全局最优，删除聚类，j = 19
收敛，非全局最优，删除聚类，j = 20
收敛，非全局最优，删除聚类，j = 21
收敛至全局最优，j = 23
******************第546帧估计成功!******************
real_s = 0.0053905 | estimat_s = 0.0053782
real_sigma = 0.00098287 | estimat_sigma = 0.00099226
real_k = 15.0752 | estimat_k = 14.6892
TrueCluster = 4 | estimat_cluster = 4
Iterations = 23 | empirical_KLD = 0.023584
************************************************
此帧用时为22.0664 seconds！
************************************************
拐点,7次迭代周期后启动判决，j = 8
判决冗余概率，但发现接近收敛，不删除聚类，j = 15
收敛，非全局最优，删除聚类，j = 20
收敛，非全局最优，删除聚类，j = 22
收敛，非全局最优，删除聚类，j = 23
收敛，非全局最优，删除聚类，j = 24
收敛至全局最优，j = 26
******************第547帧估计成功!******************
real_s = 0.0053837 | estimat_s = 0.0053948
real_sigma = 0.00099623 | estimat_sigma = 0.0010091
real_k = 14.6592 | estimat_k = 14.2914
TrueCluster = 4 | estimat_cluster = 4
Iterations = 26 | empirical_KLD = 0.024499
************************************************
此帧用时为24.5247 seconds！
************************************************
拐点,7次迭代周期后启动判决，j = 7
判决冗余概率，但发现接近收敛，不删除聚类，j = 14
收敛，非全局最优，删除聚类，j = 16
收敛，非全局最优，删除聚类，j = 18
收敛，非全局最优，删除聚类，j = 20
收敛，非全局最优，删除聚类，j = 21
收敛至全局最优，j = 23
******************第548帧估计成功!******************
real_s = 0.0053864 | estimat_s = 0.0053916
real_sigma = 0.00098546 | estimat_sigma = 0.00098917
real_k = 14.9831 | estimat_k = 14.8547
TrueCluster = 4 | estimat_cluster = 4
Iterations = 23 | empirical_KLD = 0.022051
************************************************
此帧用时为21.7053 seconds！
************************************************
拐点,7次迭代周期后启动判决，j = 9
判决冗余概率，但发现接近收敛，不删除聚类，j = 16
收敛，非全局最优，删除聚类，j = 17
收敛，非全局最优，删除聚类，j = 18
收敛，非全局最优，删除聚类，j = 19
收敛，非全局最优，删除聚类，j = 20
收敛至全局最优，j = 22
******************第549帧估计成功!******************
real_s = 0.005405 | estimat_s = 0.0054029
real_sigma = 0.00098345 | estimat_sigma = 0.00098154
real_k = 15.1519 | estimat_k = 15.1499
TrueCluster = 4 | estimat_cluster = 4
Iterations = 22 | empirical_KLD = 0.023312
************************************************
此帧用时为21.6529 seconds！
************************************************
收敛，非全局最优，删除聚类，j = 12
收敛，非全局最优，删除聚类，j = 14
收敛，非全局最优，删除聚类，j = 15
收敛，非全局最优，删除聚类，j = 16
收敛至全局最优，j = 18
******************第550帧估计成功!******************
real_s = 0.0054329 | estimat_s = 0.0054115
real_sigma = 0.000989 | estimat_sigma = 0.00099849
real_k = 15.1373 | estimat_k = 14.6864
TrueCluster = 4 | estimat_cluster = 4
Iterations = 18 | empirical_KLD = 0.022245
************************************************
此帧用时为18.4018 seconds！
************************************************
拐点,7次迭代周期后启动判决，j = 10
判决冗余概率，但发现接近收敛，不删除聚类，j = 17
收敛，非全局最优，删除聚类，j = 18
收敛，非全局最优，删除聚类，j = 19
收敛，非全局最优，删除聚类，j = 20
收敛，非全局最优，删除聚类，j = 21
收敛至全局最优，j = 22
******************第551帧估计成功!******************
real_s = 0.0054452 | estimat_s = 0.005457
real_sigma = 0.0010078 | estimat_sigma = 0.0010112
real_k = 14.6402 | estimat_k = 14.5629
TrueCluster = 4 | estimat_cluster = 4
Iterations = 22 | empirical_KLD = 0.020439
************************************************
此帧用时为21.6117 seconds！
************************************************
收敛，非全局最优，删除聚类，j = 15
收敛，非全局最优，删除聚类，j = 16
收敛，非全局最优，删除聚类，j = 18
收敛，非全局最优，删除聚类，j = 19
收敛至全局最优，j = 22
******************第552帧估计成功!******************
real_s = 0.0054555 | estimat_s = 0.0054469
real_sigma = 0.0010054 | estimat_sigma = 0.00099802
real_k = 14.7527 | estimat_k = 14.8933
TrueCluster = 4 | estimat_cluster = 4
Iterations = 22 | empirical_KLD = 0.024691
************************************************
此帧用时为21.2952 seconds！
************************************************
拐点,7次迭代周期后启动判决，j = 7
判决冗余概率，但发现接近收敛，不删除聚类，j = 14
收敛，非全局最优，删除聚类，j = 15
收敛，非全局最优，删除聚类，j = 16
收敛，非全局最优，删除聚类，j = 17
收敛，非全局最优，删除聚类，j = 18
收敛至全局最优，j = 20
******************第553帧估计成功!******************
real_s = 0.0054424 | estimat_s = 0.0054467
real_sigma = 0.0010097 | estimat_sigma = 0.0010095
real_k = 14.5547 | estimat_k = 14.5565
TrueCluster = 4 | estimat_cluster = 4
Iterations = 20 | empirical_KLD = 0.02392
************************************************
此帧用时为19.4757 seconds！
************************************************
收敛，非全局最优，删除聚类，j = 12
收敛，非全局最优，删除聚类，j = 13
收敛，非全局最优，删除聚类，j = 14
收敛，非全局最优，删除聚类，j = 15
收敛至全局最优，j = 17
******************第554帧估计成功!******************
real_s = 0.0054268 | estimat_s = 0.0054297
real_sigma = 0.0010198 | estimat_sigma = 0.0010108
real_k = 14.1667 | estimat_k = 14.4283
TrueCluster = 4 | estimat_cluster = 4
Iterations = 17 | empirical_KLD = 0.022125
************************************************
此帧用时为17.7138 seconds！
************************************************
拐点,7次迭代周期后启动判决，j = 11
判决冗余概率，但发现接近收敛，不删除聚类，j = 18
收敛，非全局最优，删除聚类，j = 20
收敛，非全局最优，删除聚类，j = 22
收敛，非全局最优，删除聚类，j = 23
收敛，非全局最优，删除聚类，j = 24
收敛至全局最优，j = 25
******************第555帧估计成功!******************
real_s = 0.0053861 | estimat_s = 0.0054018
real_sigma = 0.0010073 | estimat_sigma = 0.0010231
real_k = 14.3315 | estimat_k = 13.9373
TrueCluster = 4 | estimat_cluster = 4
Iterations = 25 | empirical_KLD = 0.019912
************************************************
此帧用时为23.8159 seconds！
************************************************
拐点,7次迭代周期后启动判决，j = 9
判决冗余概率，但发现接近收敛，不删除聚类，j = 16
收敛，非全局最优，删除聚类，j = 17
收敛，非全局最优，删除聚类，j = 18
收敛，非全局最优，删除聚类，j = 19
收敛，非全局最优，删除聚类，j = 20
收敛至全局最优，j = 21
******************第556帧估计成功!******************
real_s = 0.0053695 | estimat_s = 0.0053811
real_sigma = 0.0010095 | estimat_sigma = 0.0010036
real_k = 14.1923 | estimat_k = 14.3747
TrueCluster = 4 | estimat_cluster = 4
Iterations = 21 | empirical_KLD = 0.025632
************************************************
此帧用时为20.6231 seconds！
************************************************
收敛，非全局最优，删除聚类，j = 15
收敛，非全局最优，删除聚类，j = 16
收敛，非全局最优，删除聚类，j = 18
收敛，非全局最优，删除聚类，j = 19
收敛至全局最优，j = 21
******************第557帧估计成功!******************
real_s = 0.0053575 | estimat_s = 0.0053576
real_sigma = 0.0010023 | estimat_sigma = 0.0010045
real_k = 14.3328 | estimat_k = 14.2232
TrueCluster = 4 | estimat_cluster = 4
Iterations = 21 | empirical_KLD = 0.022576
************************************************
此帧用时为21.0721 seconds！
************************************************
拐点,7次迭代周期后启动判决，j = 9
判决冗余概率，但发现接近收敛，不删除聚类，j = 16
收敛，非全局最优，删除聚类，j = 18
收敛，非全局最优，删除聚类，j = 20
收敛，非全局最优，删除聚类，j = 21
收敛，非全局最优，删除聚类，j = 22
收敛至全局最优，j = 24
******************第558帧估计成功!******************
real_s = 0.0053418 | estimat_s = 0.0053434
real_sigma = 0.0010039 | estimat_sigma = 0.00099496
real_k = 14.2064 | estimat_k = 14.421
TrueCluster = 4 | estimat_cluster = 4
Iterations = 24 | empirical_KLD = 0.022758
************************************************
此帧用时为22.9301 seconds！
************************************************
拐点,7次迭代周期后启动判决，j = 4
判决冗余概率，但发现接近收敛，不删除聚类，j = 11
收敛，非全局最优，删除聚类，j = 12
收敛，非全局最优，删除聚类，j = 13
收敛，非全局最优，删除聚类，j = 14
收敛，非全局最优，删除聚类，j = 15
收敛至全局最优，j = 18
******************第559帧估计成功!******************
real_s = 0.0053606 | estimat_s = 0.0053768
real_sigma = 0.0010016 | estimat_sigma = 0.0010045
real_k = 14.3707 | estimat_k = 14.3247
TrueCluster = 4 | estimat_cluster = 4
Iterations = 18 | empirical_KLD = 0.023711
************************************************
此帧用时为18.4702 seconds！
************************************************
收敛，非全局最优，删除聚类，j = 11
收敛，非全局最优，删除聚类，j = 13
收敛，非全局最优，删除聚类，j = 14
收敛，非全局最优，删除聚类，j = 15
收敛至全局最优，j = 16
******************第560帧估计成功!******************
real_s = 0.0053678 | estimat_s = 0.005355
real_sigma = 0.0010115 | estimat_sigma = 0.0010073
real_k = 14.0999 | estimat_k = 14.1303
TrueCluster = 4 | estimat_cluster = 4
Iterations = 16 | empirical_KLD = 0.019893
************************************************
此帧用时为17.2184 seconds！
************************************************
拐点,7次迭代周期后启动判决，j = 7
判决冗余概率，但发现接近收敛，不删除聚类，j = 14
收敛，非全局最优，删除聚类，j = 15
收敛，非全局最优，删除聚类，j = 17
收敛，非全局最优，删除聚类，j = 18
收敛，非全局最优，删除聚类，j = 19
收敛至全局最优，j = 21
******************第561帧估计成功!******************
real_s = 0.0053743 | estimat_s = 0.005388
real_sigma = 0.0010021 | estimat_sigma = 0.00099427
real_k = 14.3831 | estimat_k = 14.6834
TrueCluster = 4 | estimat_cluster = 4
Iterations = 21 | empirical_KLD = 0.024396
************************************************
此帧用时为20.7779 seconds！
************************************************
拐点,7次迭代周期后启动判决，j = 8
判决冗余概率，但发现接近收敛，不删除聚类，j = 15
收敛，非全局最优，删除聚类，j = 16
收敛，非全局最优，删除聚类，j = 17
收敛，非全局最优，删除聚类，j = 18
收敛，非全局最优，删除聚类，j = 19
收敛至全局最优，j = 21
******************第562帧估计成功!******************
real_s = 0.005373 | estimat_s = 0.0053653
real_sigma = 0.00101 | estimat_sigma = 0.0010127
real_k = 14.1589 | estimat_k = 14.0356
TrueCluster = 4 | estimat_cluster = 4
Iterations = 21 | empirical_KLD = 0.024238
************************************************
此帧用时为20.8504 seconds！
************************************************
拐点,7次迭代周期后启动判决，j = 6
判决冗余概率，但发现接近收敛，不删除聚类，j = 13
收敛，非全局最优，删除聚类，j = 14
收敛，非全局最优，删除聚类，j = 16
收敛，非全局最优，删除聚类，j = 17
收敛，非全局最优，删除聚类，j = 18
收敛至全局最优，j = 20
******************第563帧估计成功!******************
real_s = 0.0053898 | estimat_s = 0.005391
real_sigma = 0.0010156 | estimat_sigma = 0.0010168
real_k = 14.0961 | estimat_k = 14.0562
TrueCluster = 4 | estimat_cluster = 4
Iterations = 20 | empirical_KLD = 0.023573
************************************************
此帧用时为20.2485 seconds！
************************************************
拐点,7次迭代周期后启动判决，j = 8
判决冗余概率，但发现接近收敛，不删除聚类，j = 15
收敛，非全局最优，删除聚类，j = 16
收敛，非全局最优，删除聚类，j = 17
收敛，非全局最优，删除聚类，j = 19
收敛，非全局最优，删除聚类，j = 20
收敛至全局最优，j = 22
******************第564帧估计成功!******************
real_s = 0.0053646 | estimat_s = 0.0053893
real_sigma = 0.0010189 | estimat_sigma = 0.0010264
real_k = 13.875 | estimat_k = 13.7856
TrueCluster = 4 | estimat_cluster = 4
Iterations = 22 | empirical_KLD = 0.021052
************************************************
此帧用时为21.6311 seconds！
************************************************
拐点,7次迭代周期后启动判决，j = 6
判决冗余概率，但发现接近收敛，不删除聚类，j = 13
收敛，非全局最优，删除聚类，j = 14
收敛，非全局最优，删除聚类，j = 15
收敛，非全局最优，删除聚类，j = 16
收敛，非全局最优，删除聚类，j = 17
收敛至全局最优，j = 19
******************第565帧估计成功!******************
real_s = 0.0053592 | estimat_s = 0.005374
real_sigma = 0.001028 | estimat_sigma = 0.0010185
real_k = 13.5996 | estimat_k = 13.9196
TrueCluster = 4 | estimat_cluster = 4
Iterations = 19 | empirical_KLD = 0.024638
************************************************
此帧用时为19.4654 seconds！
************************************************
拐点,7次迭代周期后启动判决，j = 5
判决冗余概率，但发现接近收敛，不删除聚类，j = 12
收敛，非全局最优，删除聚类，j = 13
收敛，非全局最优，删除聚类，j = 14
收敛，非全局最优，删除聚类，j = 15
收敛，非全局最优，删除聚类，j = 16
收敛至全局最优，j = 18
******************第566帧估计成功!******************
real_s = 0.0053762 | estimat_s = 0.0053591
real_sigma = 0.0010207 | estimat_sigma = 0.0010156
real_k = 13.9185 | estimat_k = 13.9232
TrueCluster = 4 | estimat_cluster = 4
Iterations = 18 | empirical_KLD = 0.022536
************************************************
此帧用时为18.3292 seconds！
************************************************
拐点,7次迭代周期后启动判决，j = 9
判决冗余概率，但发现接近收敛，不删除聚类，j = 16
收敛，非全局最优，删除聚类，j = 17
收敛，非全局最优，删除聚类，j = 18
收敛，非全局最优，删除聚类，j = 19
收敛，非全局最优，删除聚类，j = 20
收敛至全局最优，j = 22
******************第567帧估计成功!******************
real_s = 0.0053764 | estimat_s = 0.0053773
real_sigma = 0.0010127 | estimat_sigma = 0.0010179
real_k = 14.1419 | estimat_k = 13.9534
TrueCluster = 4 | estimat_cluster = 4
Iterations = 22 | empirical_KLD = 0.019898
************************************************
此帧用时为21.6796 seconds！
************************************************
收敛，非全局最优，删除聚类，j = 16
收敛，非全局最优，删除聚类，j = 18
收敛，非全局最优，删除聚类，j = 20
收敛，非全局最优，删除聚类，j = 21
收敛至全局最优，j = 23
******************第568帧估计成功!******************
real_s = 0.0053988 | estimat_s = 0.0053955
real_sigma = 0.0010066 | estimat_sigma = 0.0010028
real_k = 14.4244 | estimat_k = 14.4748
TrueCluster = 4 | estimat_cluster = 4
Iterations = 23 | empirical_KLD = 0.024892
************************************************
此帧用时为22.4742 seconds！
************************************************
收敛，非全局最优，删除聚类，j = 12
收敛，非全局最优，删除聚类，j = 14
收敛，非全局最优，删除聚类，j = 15
收敛，非全局最优，删除聚类，j = 16
收敛至全局最优，j = 18
******************第569帧估计成功!******************
real_s = 0.0054313 | estimat_s = 0.0054361
real_sigma = 0.0010091 | estimat_sigma = 0.0010121
real_k = 14.524 | estimat_k = 14.4238
TrueCluster = 4 | estimat_cluster = 4
Iterations = 18 | empirical_KLD = 0.022576
************************************************
此帧用时为18.714 seconds！
************************************************
拐点,7次迭代周期后启动判决，j = 6
判决冗余概率，删除聚类，j = 13
拐点,7次迭代周期后启动判决，j = 21
判决冗余概率，但发现接近收敛，不删除聚类，j = 28
收敛，非全局最优，删除聚类，j = 32
收敛，非全局最优，删除聚类，j = 34
收敛，非全局最优，删除聚类，j = 35
收敛至全局最优，j = 37
******************第570帧估计成功!******************
real_s = 0.0054576 | estimat_s = 0.0054651
real_sigma = 0.0010007 | estimat_sigma = 0.00099825
real_k = 14.8925 | estimat_k = 14.9861
TrueCluster = 4 | estimat_cluster = 4
Iterations = 37 | empirical_KLD = 0.026332
************************************************
此帧用时为32.9508 seconds！
************************************************
收敛，非全局最优，删除聚类，j = 8
收敛，非全局最优，删除聚类，j = 9
收敛，非全局最优，删除聚类，j = 10
收敛，非全局最优，删除聚类，j = 11
收敛至全局最优，j = 13
******************第571帧估计成功!******************
real_s = 0.005463 | estimat_s = 0.0054569
real_sigma = 0.0010159 | estimat_sigma = 0.0010117
real_k = 14.4679 | estimat_k = 14.545
TrueCluster = 4 | estimat_cluster = 4
Iterations = 13 | empirical_KLD = 0.024803
************************************************
此帧用时为15.0401 seconds！
************************************************
拐点,7次迭代周期后启动判决，j = 7
判决冗余概率，但发现接近收敛，不删除聚类，j = 14
收敛，非全局最优，删除聚类，j = 17
收敛，非全局最优，删除聚类，j = 19
收敛，非全局最优，删除聚类，j = 20
收敛，非全局最优，删除聚类，j = 21
收敛至全局最优，j = 23
******************第572帧估计成功!******************
real_s = 0.0054918 | estimat_s = 0.0054952
real_sigma = 0.0010164 | estimat_sigma = 0.0010175
real_k = 14.6111 | estimat_k = 14.5843
TrueCluster = 4 | estimat_cluster = 4
Iterations = 23 | empirical_KLD = 0.023118
************************************************
此帧用时为22.9489 seconds！
************************************************
拐点,7次迭代周期后启动判决，j = 8
判决冗余概率，但发现接近收敛，不删除聚类，j = 15
收敛，非全局最优，删除聚类，j = 16
收敛，非全局最优，删除聚类，j = 18
收敛，非全局最优，删除聚类，j = 20
收敛，非全局最优，删除聚类，j = 21
收敛至全局最优，j = 23
******************第573帧估计成功!******************
real_s = 0.0054954 | estimat_s = 0.0054942
real_sigma = 0.0010144 | estimat_sigma = 0.0010231
real_k = 14.6911 | estimat_k = 14.4195
TrueCluster = 4 | estimat_cluster = 4
Iterations = 23 | empirical_KLD = 0.026328
************************************************
此帧用时为22.8635 seconds！
************************************************
拐点,7次迭代周期后启动判决，j = 10
判决冗余概率，但发现接近收敛，不删除聚类，j = 17
收敛，非全局最优，删除聚类，j = 19
收敛，非全局最优，删除聚类，j = 20
收敛，非全局最优，删除聚类，j = 21
收敛，非全局最优，删除聚类，j = 23
收敛至全局最优，j = 25
******************第574帧估计成功!******************
real_s = 0.0054803 | estimat_s = 0.005474
real_sigma = 0.0010037 | estimat_sigma = 0.0010019
real_k = 14.921 | estimat_k = 14.9253
TrueCluster = 4 | estimat_cluster = 4
Iterations = 25 | empirical_KLD = 0.023388
************************************************
此帧用时为24.4162 seconds！
************************************************
拐点,7次迭代周期后启动判决，j = 5
判决冗余概率，但发现接近收敛，不删除聚类，j = 12
收敛，非全局最优，删除聚类，j = 14
收敛，非全局最优，删除聚类，j = 16
收敛，非全局最优，删除聚类，j = 18
收敛，非全局最优，删除聚类，j = 19
收敛至全局最优，j = 21
******************第575帧估计成功!******************
real_s = 0.0054601 | estimat_s = 0.0054788
real_sigma = 0.0010013 | estimat_sigma = 0.0010057
real_k = 14.8818 | estimat_k = 14.8396
TrueCluster = 4 | estimat_cluster = 4
Iterations = 21 | empirical_KLD = 0.023292
************************************************
此帧用时为21.4592 seconds！
************************************************
拐点,7次迭代周期后启动判决，j = 5
判决冗余概率，但发现接近收敛，不删除聚类，j = 12
收敛，非全局最优，删除聚类，j = 13
收敛，非全局最优，删除聚类，j = 15
收敛，非全局最优，删除聚类，j = 16
收敛，非全局最优，删除聚类，j = 17
收敛至全局最优，j = 19
******************第576帧估计成功!******************
real_s = 0.0054548 | estimat_s = 0.0054657
real_sigma = 0.00099118 | estimat_sigma = 0.00099122
real_k = 15.1437 | estimat_k = 15.203
TrueCluster = 4 | estimat_cluster = 4
Iterations = 19 | empirical_KLD = 0.020363
************************************************
此帧用时为19.9504 seconds！
************************************************
收敛，非全局最优，删除聚类，j = 13
收敛，非全局最优，删除聚类，j = 15
收敛，非全局最优，删除聚类，j = 16
收敛，非全局最优，删除聚类，j = 17
收敛至全局最优，j = 19
******************第577帧估计成功!******************
real_s = 0.0054448 | estimat_s = 0.0054379
real_sigma = 0.0010004 | estimat_sigma = 0.00099956
real_k = 14.8271 | estimat_k = 14.7986
TrueCluster = 4 | estimat_cluster = 4
Iterations = 19 | empirical_KLD = 0.020639
************************************************
此帧用时为19.9917 seconds！
************************************************
收敛，非全局最优，删除聚类，j = 13
收敛，非全局最优，删除聚类，j = 14
收敛，非全局最优，删除聚类，j = 16
收敛，非全局最优，删除聚类，j = 17
收敛至全局最优，j = 18
******************第578帧估计成功!******************
real_s = 0.0054449 | estimat_s = 0.0054588
real_sigma = 0.0010068 | estimat_sigma = 0.0010047
real_k = 14.6419 | estimat_k = 14.761
TrueCluster = 4 | estimat_cluster = 4
Iterations = 18 | empirical_KLD = 0.02179
************************************************
此帧用时为19.2961 seconds！
************************************************
拐点,7次迭代周期后启动判决，j = 7
判决冗余概率，但发现接近收敛，不删除聚类，j = 14
收敛，非全局最优，删除聚类，j = 15
收敛，非全局最优，删除聚类，j = 17
收敛，非全局最优，删除聚类，j = 18
收敛，非全局最优，删除聚类，j = 19
收敛至全局最优，j = 21
******************第579帧估计成功!******************
real_s = 0.0054449 | estimat_s = 0.0054346
real_sigma = 0.0010051 | estimat_sigma = 0.00099862
real_k = 14.697 | estimat_k = 14.8086
TrueCluster = 4 | estimat_cluster = 4
Iterations = 21 | empirical_KLD = 0.025228
************************************************
此帧用时为21.5568 seconds！
************************************************
收敛，非全局最优，删除聚类，j = 14
收敛，非全局最优，删除聚类，j = 16
收敛，非全局最优，删除聚类，j = 17
收敛，非全局最优，删除聚类，j = 18
收敛至全局最优，j = 20
******************第580帧估计成功!******************
real_s = 0.0054394 | estimat_s = 0.0054353
real_sigma = 0.0010046 | estimat_sigma = 0.001003
real_k = 14.682 | estimat_k = 14.6838
TrueCluster = 4 | estimat_cluster = 4
Iterations = 20 | empirical_KLD = 0.022437
************************************************
此帧用时为20.4745 seconds！
************************************************
拐点,7次迭代周期后启动判决，j = 9
判决冗余概率，但发现接近收敛，不删除聚类，j = 16
收敛，非全局最优，删除聚类，j = 18
收敛，非全局最优，删除聚类，j = 20
收敛，非全局最优，删除聚类，j = 21
收敛，非全局最优，删除聚类，j = 22
收敛至全局最优，j = 24
******************第581帧估计成功!******************
real_s = 0.0054224 | estimat_s = 0.0054167
real_sigma = 0.0010141 | estimat_sigma = 0.001018
real_k = 14.3241 | estimat_k = 14.1574
TrueCluster = 4 | estimat_cluster = 4
Iterations = 24 | empirical_KLD = 0.020122
************************************************
此帧用时为23.9111 seconds！
************************************************
拐点,7次迭代周期后启动判决，j = 8
判决冗余概率，但发现接近收敛，不删除聚类，j = 15
收敛，非全局最优，删除聚类，j = 17
收敛，非全局最优，删除聚类，j = 18
收敛，非全局最优，删除聚类，j = 19
收敛，非全局最优，删除聚类，j = 21
收敛至全局最优，j = 23
******************第582帧估计成功!******************
real_s = 0.0053876 | estimat_s = 0.0053858
real_sigma = 0.0010155 | estimat_sigma = 0.0010193
real_k = 14.1183 | estimat_k = 13.9595
TrueCluster = 4 | estimat_cluster = 4
Iterations = 23 | empirical_KLD = 0.024191
************************************************
此帧用时为23.2396 seconds！
************************************************
拐点,7次迭代周期后启动判决，j = 9
判决冗余概率，但发现接近收敛，不删除聚类，j = 16
收敛，非全局最优，删除聚类，j = 17
收敛，非全局最优，删除聚类，j = 19
收敛，非全局最优，删除聚类，j = 20
收敛，非全局最优，删除聚类，j = 21
收敛至全局最优，j = 23
******************第583帧估计成功!******************
real_s = 0.0053756 | estimat_s = 0.0053825
real_sigma = 0.0010024 | estimat_sigma = 0.0010099
real_k = 14.4475 | estimat_k = 14.2036
TrueCluster = 4 | estimat_cluster = 4
Iterations = 23 | empirical_KLD = 0.02265
************************************************
此帧用时为22.8342 seconds！
************************************************
收敛，非全局最优，删除聚类，j = 14
收敛，非全局最优，删除聚类，j = 16
收敛，非全局最优，删除聚类，j = 18
收敛，非全局最优，删除聚类，j = 19
收敛至全局最优，j = 20
******************第584帧估计成功!******************
real_s = 0.0053683 | estimat_s = 0.0053531
real_sigma = 0.0010178 | estimat_sigma = 0.0010237
real_k = 13.9762 | estimat_k = 13.6729
TrueCluster = 4 | estimat_cluster = 4
Iterations = 20 | empirical_KLD = 0.022082
************************************************
此帧用时为20.69 seconds！
************************************************
拐点,7次迭代周期后启动判决，j = 9
判决冗余概率，但发现接近收敛，不删除聚类，j = 16
收敛，非全局最优，删除聚类，j = 18
收敛，非全局最优，删除聚类，j = 20
收敛，非全局最优，删除聚类，j = 21
收敛，非全局最优，删除聚类，j = 23
收敛至全局最优，j = 25
******************第585帧估计成功!******************
real_s = 0.0053725 | estimat_s = 0.0053779
real_sigma = 0.001018 | estimat_sigma = 0.0010157
real_k = 13.9936 | estimat_k = 14.0174
TrueCluster = 4 | estimat_cluster = 4
Iterations = 25 | empirical_KLD = 0.022016
************************************************
此帧用时为24.4967 seconds！
************************************************
收敛，非全局最优，删除聚类，j = 17
收敛，非全局最优，删除聚类，j = 19
收敛，非全局最优，删除聚类，j = 20
收敛，非全局最优，删除聚类，j = 22
收敛至全局最优，j = 24
******************第586帧估计成功!******************
real_s = 0.0053785 | estimat_s = 0.0053664
real_sigma = 0.0010092 | estimat_sigma = 0.0010115
real_k = 14.2669 | estimat_k = 14.072
TrueCluster = 4 | estimat_cluster = 4
Iterations = 24 | empirical_KLD = 0.025444
************************************************
此帧用时为24.0883 seconds！
************************************************
拐点,7次迭代周期后启动判决，j = 7
判决冗余概率，但发现接近收敛，不删除聚类，j = 14
收敛，非全局最优，删除聚类，j = 15
收敛，非全局最优，删除聚类，j = 16
收敛，非全局最优，删除聚类，j = 17
收敛，非全局最优，删除聚类，j = 19
收敛至全局最优，j = 20
******************第587帧估计成功!******************
real_s = 0.0053895 | estimat_s = 0.0053741
real_sigma = 0.0010024 | estimat_sigma = 0.00099914
real_k = 14.4973 | estimat_k = 14.4652
TrueCluster = 4 | estimat_cluster = 4
Iterations = 20 | empirical_KLD = 0.023207
************************************************
此帧用时为21.1282 seconds！
************************************************
收敛，非全局最优，删除聚类，j = 18
收敛，非全局最优，删除聚类，j = 19
收敛，非全局最优，删除聚类，j = 20
收敛，非全局最优，删除聚类，j = 21
收敛至全局最优，j = 22
******************第588帧估计成功!******************
real_s = 0.0054013 | estimat_s = 0.0054043
real_sigma = 0.0010101 | estimat_sigma = 0.0009995
real_k = 14.3211 | estimat_k = 14.618
TrueCluster = 4 | estimat_cluster = 4
Iterations = 22 | empirical_KLD = 0.023178
************************************************
此帧用时为22.799 seconds！
************************************************
收敛，非全局最优，删除聚类，j = 14
收敛，非全局最优，删除聚类，j = 15
收敛，非全局最优，删除聚类，j = 17
收敛，非全局最优，删除聚类，j = 19
收敛至全局最优，j = 21
******************第589帧估计成功!******************
real_s = 0.0054199 | estimat_s = 0.0054223
real_sigma = 0.0010023 | estimat_sigma = 0.0010074
real_k = 14.6246 | estimat_k = 14.4846
TrueCluster = 4 | estimat_cluster = 4
Iterations = 21 | empirical_KLD = 0.025654
************************************************
此帧用时为21.2462 seconds！
************************************************
拐点,7次迭代周期后启动判决，j = 7
判决冗余概率，但发现接近收敛，不删除聚类，j = 14
收敛，非全局最优，删除聚类，j = 19
收敛，非全局最优，删除聚类，j = 21
收敛，非全局最优，删除聚类，j = 22
收敛，非全局最优，删除聚类，j = 23
收敛至全局最优，j = 25
******************第590帧估计成功!******************
real_s = 0.0054198 | estimat_s = 0.0054026
real_sigma = 0.0010118 | estimat_sigma = 0.001021
real_k = 14.3602 | estimat_k = 14.0004
TrueCluster = 4 | estimat_cluster = 4
Iterations = 25 | empirical_KLD = 0.020159
************************************************
此帧用时为24.8044 seconds！
************************************************
收敛，非全局最优，删除聚类，j = 13
收敛，非全局最优，删除聚类，j = 15
收敛，非全局最优，删除聚类，j = 16
收敛，非全局最优，删除聚类，j = 17
收敛至全局最优，j = 19
******************第591帧估计成功!******************
real_s = 0.005414 | estimat_s = 0.0054074
real_sigma = 0.0010114 | estimat_sigma = 0.0010145
real_k = 14.3394 | estimat_k = 14.2052
TrueCluster = 4 | estimat_cluster = 4
Iterations = 19 | empirical_KLD = 0.022061
************************************************
此帧用时为20.121 seconds！
************************************************
拐点,7次迭代周期后启动判决，j = 4
判决冗余概率，但发现接近收敛，不删除聚类，j = 11
收敛，非全局最优，删除聚类，j = 12
收敛，非全局最优，删除聚类，j = 13
收敛，非全局最优，删除聚类，j = 14
收敛，非全局最优，删除聚类，j = 15
收敛至全局最优，j = 17
******************第592帧估计成功!******************
real_s = 0.0054167 | estimat_s = 0.0054147
real_sigma = 0.0010159 | estimat_sigma = 0.0010124
real_k = 14.2343 | estimat_k = 14.3029
TrueCluster = 4 | estimat_cluster = 4
Iterations = 17 | empirical_KLD = 0.024573
************************************************
此帧用时为18.8661 seconds！
************************************************
收敛，非全局最优，删除聚类，j = 12
收敛，非全局最优，删除聚类，j = 14
收敛，非全局最优，删除聚类，j = 16
收敛，非全局最优，删除聚类，j = 17
收敛至全局最优，j = 19
******************第593帧估计成功!******************
real_s = 0.0053911 | estimat_s = 0.0053783
real_sigma = 0.0010106 | estimat_sigma = 0.0010072
real_k = 14.2526 | estimat_k = 14.2578
TrueCluster = 4 | estimat_cluster = 4
Iterations = 19 | empirical_KLD = 0.027815
************************************************
此帧用时为20.3369 seconds！
************************************************
拐点,7次迭代周期后启动判决，j = 5
判决冗余概率，删除聚类，j = 12
拐点,7次迭代周期后启动判决，j = 16
判决冗余概率，但发现接近收敛，不删除聚类，j = 23
收敛，非全局最优，删除聚类，j = 24
收敛，非全局最优，删除聚类，j = 25
收敛，非全局最优，删除聚类，j = 26
收敛至全局最优，j = 28
******************第594帧估计成功!******************
real_s = 0.0053571 | estimat_s = 0.0053609
real_sigma = 0.001008 | estimat_sigma = 0.0010071
real_k = 14.1459 | estimat_k = 14.1663
TrueCluster = 4 | estimat_cluster = 4
Iterations = 28 | empirical_KLD = 0.024156
************************************************
此帧用时为27.4995 seconds！
************************************************
拐点,7次迭代周期后启动判决，j = 7
判决冗余概率，但发现接近收敛，不删除聚类，j = 14
收敛，非全局最优，删除聚类，j = 15
收敛，非全局最优，删除聚类，j = 16
收敛，非全局最优，删除聚类，j = 17
收敛，非全局最优，删除聚类，j = 18
收敛至全局最优，j = 20
******************第595帧估计成功!******************
real_s = 0.0053223 | estimat_s = 0.0053216
real_sigma = 0.0010067 | estimat_sigma = 0.00099973
real_k = 14.0054 | estimat_k = 14.1673
TrueCluster = 4 | estimat_cluster = 4
Iterations = 20 | empirical_KLD = 0.023003
************************************************
此帧用时为20.9823 seconds！
************************************************
收敛，非全局最优，删除聚类，j = 15
收敛，非全局最优，删除聚类，j = 16
收敛，非全局最优，删除聚类，j = 17
收敛，非全局最优，删除聚类，j = 18
收敛至全局最优，j = 20
******************第596帧估计成功!******************
real_s = 0.0052797 | estimat_s = 0.0052905
real_sigma = 0.0010168 | estimat_sigma = 0.0010059
real_k = 13.5217 | estimat_k = 13.8305
TrueCluster = 4 | estimat_cluster = 4
Iterations = 20 | empirical_KLD = 0.020957
************************************************
此帧用时为20.939 seconds！
************************************************
拐点,7次迭代周期后启动判决，j = 7
判决冗余概率，删除聚类，j = 14
收敛，非全局最优，删除聚类，j = 16
收敛，非全局最优，删除聚类，j = 17
收敛，非全局最优，删除聚类，j = 18
收敛至全局最优，j = 21
******************第597帧估计成功!******************
real_s = 0.0052381 | estimat_s = 0.0052595
real_sigma = 0.0010096 | estimat_sigma = 0.00099817
real_k = 13.4985 | estimat_k = 13.8821
TrueCluster = 4 | estimat_cluster = 4
Iterations = 21 | empirical_KLD = 0.023666
************************************************
此帧用时为21.7349 seconds！
************************************************
拐点,7次迭代周期后启动判决，j = 8
判决冗余概率，但发现接近收敛，不删除聚类，j = 15
收敛，非全局最优，删除聚类，j = 19
收敛，非全局最优，删除聚类，j = 20
收敛，非全局最优，删除聚类，j = 22
收敛，非全局最优，删除聚类，j = 23
收敛至全局最优，j = 25
******************第598帧估计成功!******************
real_s = 0.0052201 | estimat_s = 0.0052267
real_sigma = 0.0010202 | estimat_sigma = 0.0010202
real_k = 13.1051 | estimat_k = 13.1222
TrueCluster = 4 | estimat_cluster = 4
Iterations = 25 | empirical_KLD = 0.023383
************************************************
此帧用时为25.2926 seconds！
************************************************
收敛，非全局最优，删除聚类，j = 11
收敛，非全局最优，删除聚类，j = 13
收敛，非全局最优，删除聚类，j = 14
收敛，非全局最优，删除聚类，j = 15
收敛至全局最优，j = 17
******************第599帧估计成功!******************
real_s = 0.0052098 | estimat_s = 0.0051942
real_sigma = 0.0010134 | estimat_sigma = 0.0010198
real_k = 13.2501 | estimat_k = 12.9717
TrueCluster = 4 | estimat_cluster = 4
Iterations = 17 | empirical_KLD = 0.022527
************************************************
此帧用时为19.1238 seconds！
************************************************
收敛，非全局最优，删除聚类，j = 10
收敛，非全局最优，删除聚类，j = 11
收敛，非全局最优，删除聚类，j = 12
收敛，非全局最优，删除聚类，j = 13
收敛至全局最优，j = 16
******************第600帧估计成功!******************
real_s = 0.0052194 | estimat_s = 0.0052186
real_sigma = 0.0010111 | estimat_sigma = 0.0010134
real_k = 13.3563 | estimat_k = 13.2597
TrueCluster = 4 | estimat_cluster = 4
Iterations = 16 | empirical_KLD = 0.022499
************************************************
此帧用时为18.071 seconds！
************************************************
总用时为9641.3355 seconds！
已估计完所有帧！！！！！已保存所有变量到文件中，保存所有输出到日志中可供查询！
